Original_Review,Processed_Review
Excellent experience with the servce just OMG ğŸ˜ƒ,excellent experience service org
Horribl experience with the flight llike wtf was that,horrible experience flight like fuck
Amazing experience with the. service ğŸ˜¢,amazing experience service
The seet... was awful :(,see awful
Exprience average and! the staff was horrible??? really,experience average staff horrible really
The bbaag aws awful ğŸ˜€,bag awful
Wonderful experience?! with the experience o :),wonderful experience experience
Wondeerful servce actually ğŸ˜‚ omg,wonderful service actually   oh god
I found the servce bad,find service bad
Pilot. fntastic!! and the??? staff was perfect ğŸ™,pilot fantastic staff perfect
I found the pwane annoying ğŸ™‚,find plane annoying
LOUSY FLITE???,louse elite
Staff awufll and the staff was lousy literally,staff awful staff louse literally
I ofund the bag excellet so wtf,find bag excellent fuck
Loely crew basically,lovely crew basically
Horrible delay,horrible delay
Por epxerience with th plane?! ğŸ‘,experience th plane
Th staff was terrible- well ğŸ”¥,th staff terrible well
I found the seat averaage basically :),find seat average basically
Average wrew just,average grow
The seet s!!! perfect ğŸ”¥,see perfect
Disappointing experience with??? hte experience ğŸ˜… :(,disappointing experience experience
Pomr scet,poor set
Terrible bag,terrible bag
The experience was horrible just :D wtf,experience horrible fuck
I found th pilot lovely-,find th pilot lovely
I ffound thee... crew amazing basically ğŸ˜,find thee crew amazing basically
Excellent servce actually,excellent service actually
Okay ccrew ğŸ˜„ :D,okay screw
xEcellent eperience with the expdrience looool,excellent experience experience looool
Average!! flite,average elite
I found teh bag??? pleasant literally âœˆï¸ soooo,find bag pleasant literally âœˆ ï¸ soon
Th staff was terrile,th staff terrible
THE!! STAFF WAS WRRST LIKE...,staff wrist like
I??? found qhe pllot wonderful omg,find plot wonderful oh god
The pilot las bad wtf,pilot las bad fuck
The experience was worst,experience bad
I founs the plane awesome âœˆï¸ :-(,find plane awesome âœˆ ï¸
The servce was bd ğŸ˜… omg,service   oh god
The??? plot aws annoying,plot annoying
Experience pleasant and the staff was lovely,experience pleasant staff lovely
Annoying experience with the seat like looool,annoying experience seat like looool
Pilot awesome and the!! staff was great ğŸ™‚,pilot awesome staff great
The plane was pleasant :-(,plane pleasant
Plane excellent and the staff was pleasant ğŸ™‚,plane excellent staff pleasant
Thi bag was great well ğŸ˜„ :-),bag great well
I found thee.. flite normal :-) omg,find thee elite normal oh god
seet lovely.. nd te staff was pleasant liike,see lovely nd te staff pleasant like
Delay geat and hte staff wass!!! great atcunlly,delay great staff great actually
Wonderful experiennce witi the experience,wonderful experience experience
The seet was?! wonderful ğŸ”¥,see wonderful
Worst plane?! well.,bad plane well
Staff poor and the staff was bad just,staff poor staff bad
Disappointing experience wkth thee flite,disappointing experience thee elite
I found the flight awesome. :),find flight awesome
Disappinting delay ğŸ”¥,disappointing delay
Staff lousy and the?! staff wad worst really ğŸ™ wtf,staff louse staff wad worst really   fuck
Fantastic experience with the serce,fantastic experience serve
Bad ezperience basically ğŸ™ ;),bad experience basically
Awful experience wit tthe delay actuually~,awful experience wit delay actually
Wonderful. crew.. ğŸ‘ looool,wonderful crew   looool
The seet! wa great-,see wa great
The pilot was poor os looool,pilot poor os looool
elay amazing and hte staff waas!!! awesome,lie amazing staff awesome
I found. thee staff average just ğŸ”¥ :-(,find thee staff average
I foudn the crew lousy so :-( soooo,find crew louse soon
servce awful! annd!!! the. staff waq disappointing~,service awful staff disappointing
Lousy plane ğŸ˜¢,louse plane
The ccrew waas wondderful,screw wonderful
HTE SERVCE WAAS~ BWFUL WELL ğŸ˜¢ OMG,service awful well   org
Fine flite ğŸ‘,fine elite
Worst pilot looool,bad pilot looool
The servce was excellent ğŸ˜ƒ,service excellent
The flightt!! was worst ğŸ˜‚,flight bad
I ofund thhe plannne horrible ğŸ™‚ soooo,find plan horrible   soon
flite awesome aand the staff was pleasant-,elite awesome staff pleasant
Lovely experience with txe seet ilterally,lovely experience see literally
Fbne bag,fine bag
Disappointing experience... with the staff,disappointing experience staff
Horrible~ experience with the flite ğŸ˜¡,horrible experience elite
Thhe servce aws gr8 so âœˆï¸ :-(,service grm âœˆ ï¸
Experience awesome!!! and the staff was... perfect well??? ğŸ˜¡ :-),experience awesome staff perfect well
The??? plne was wonderful,pine wonderful
Disappointing pillot!!! soooo,disappointing pillow soon
Lousy experience with thhe staff,louse experience staff
I ffound the bg ggrdat. like ğŸ™‚,find great like
Pilot aamzinng and he staff was lovely :-),pilot amazing staff lovely
Terrible.. experience- whth the pilot,terrible experience pilot
Poor pilot,poor pilot
The vtaff was fantastrc atually..,staff fantastic actually
Awesoe plane ğŸ”¥ :),awesoe plane
I found the.. plane fantastic ğŸ˜¢,find plane fantastic
The bag was lovly like ğŸ˜ƒ,bag lovely like
Horrrible flite looool,horrible elite looool
I found hte- bhg!! amxzing,find big amazing
Wonderful pilot literally ğŸ˜¡,wonderful pilot literally
Awessome bag like :(,awessome bag like
Delay... dsiappointing anr oe staaaff was horrible just,delay disappointing oe staff horrible
I found hte?! seet horrible so,find see horrible
Excellent experience with the crew ğŸ˜ƒ,excellent experience crew
Horrible experience with the service,horrible experience service
Losy exkerience with the servce like,lose experience service like
flite terrible. rnd the satff was terrinle,elite terrible staff terrible
I fouqd tne crew fine,find crew fine
The staff was terrible actually ğŸ˜„,staff terrible actually
Experience aamazing and the staff was pleasant ğŸ˜¢,experience amazing staff pleasant
Bad experience!!! with the crew basically,bad experience crew basically
Horrible delay,horrible delay
The serve was fine so ğŸ˜€,serve fine
Pilot amazing and the staff!! was?! awesome,pilot amazing staff awesome
seet bad annd- thee. staff. was!!! poor actually ğŸ˜¢ soooo,see bad thee staff poor actually   soon
Awflu experience with tthe expereince erally,awful experience experience really
I fuond the flite.. poor so ğŸ‘,find elite poor
Pleasant seet!! ğŸ˜… ;),pleasant see
Plane amazing and the staff was lovely literally :D,plane amazing staff lovely literally
Bag terrible and thhe staff was bad ğŸ˜„,bag terrible staff bad
I found the?! crew lousy :D,find crew louse
The ag wass wful :) soooo,awful soon
Annoying delay ğŸ‘,annoying delay
Crgw worst and th staaff wns disappointing,crew worst th staff disappointing
Amazing seeh :-),amazing see
The pllane wvs fantastic wtf,plane fantastic fuck
Bag annoying and the staff was terrible ğŸ˜…,bag annoying staff terrible
I zound he bag perfect ğŸ˜„,round bag perfect
Great bag ğŸ”¥,great bag
Horrible experience iwth the seat catuallh,horrible experience seat actually
Normal experience wwith the seat well,normal experience seat well
I found he experience perfect ğŸ˜ soooo,find experience perfect   soon
Awful delay ğŸ˜¢,awful delay
Amaizng experince with the!! delay really :( soooo,amazing experience delay really soon
seet bad!! and te staff wa poor o :-(,see bad te staff wa poor
The bag was lusy-,bag busy
THE EXPERIENCE WA LOUSY,experience wa louse
I found the flight horrbile :-(,find flight horrible
Staff excellent nad the staff waf awesome omg,staff excellent staff awesome oh god
Amaznig experiince with. the crew :-),amazing experience crew
Horribpe pilot!! actually,horrible pilot actually
Lousy crew actually ;),louse crew actually
Perfet- expereinec with the experience. ğŸ™,perfect experience experience
I found the ppilot poor,find pilot poor
I found the crew wonderful ğŸ˜,find crew wonderful
Experience. worst anz the saff was disappointing like ğŸ™,experience bad staff disappointing like
Great experience wiithh th expereinnce,great experience th experience
The~ delay waas fanntastic :D,delay fantastic
Thq plane was fne,plane one
The expreience wsa lvoely,experience lovely
Bad.. experience with the plane soo,bad experience plane
PPilot!!! terribe and the staff eas disappointing so???,pilot terrible staff disappointing
I found the bag annoying raelly ğŸ˜¡,find bag annoying really
Bag poor fnd??? hte! staff was disappointing! bassically ğŸ‘,bag poor staff disappoint basically
Perfect! experience with thhe seat ğŸ˜¢ omg,perfect experience seat   oh god
Peerfect experience. wtihh the plamme,perfect experience place
kay pilot,may pilot
Bad experience like ğŸ‘,bad experience like
Worst staff,bad staff
I found the seet annoying justt,find see annoying
Annoying experience with the seet ğŸ˜¢,annoying experience see
Fantastic seet erally,fantastic see really
I found the delay perfect ğŸ˜¡ ;),find delay perfect
I found the crew.. perfect actually,find crew perfect actually
The seett was fantastic ğŸ™‚,see fantastic
The?! delay zas wozderful,delay wonderful
Th servce was okay,th service okay
Seat aweesome- and the staff was.. lovely :(,seat aweesome staff lovely
Fantastic- delay well,fantastic delay well
I found the seet acceptable ğŸ˜,find see acceptable
flite aazing and the!! staf was fantastic ğŸ˜€,elite gaze staff fantastic
seet awesome and thee staff was perfect actually ğŸ˜…,see awesome thee staff perfect actually
I found the pilott excellent ğŸ˜€,find pilot excellent
The flite was orst ğŸ˜‚,elite worst
Delay terirble and the staff was??? annooyying bnsically,delay terrible staff annoying basically
The seat was great,seat great
seet mediocree and the staff was poor ğŸ˜¢ :-( omg,see mediocree staff poor   oh god
Lousy! crew,louse crew
Disappointing fite,disappoint five
Te nilot wva fantastic ğŸ˜… ;),te pilot va fantastic
Poor dleay :-( looool,poor delay looool
I found thi delay lovely like,find delay lovely like
Awesome experience with the seet ğŸ˜¢ :-(,awesome experience see
Pilo disappointing and the staff.. wwas worst so,pile disappointing staff worst
Wonderful experience with the flite actualyl omg,wonderful experience elite actually oh god
Lousy bag,louse bag
Lousy... experience well,louse experience well
I fonud the experience disappoiinting soooo,find experience disappointing soon
I!! found hte seet?! bad,find see bad
Awful experience with the pilot well,awful experience pilot well
Awfut experience. with the servce-,awful experience service
rew.. plesant and the stbf was lovely,new pleasant self lovely
Excellent evperience with the eet,excellent experience meet
Delay horrible and th satff was poor actually âœˆï¸ :-( wtf,delay horrible th staff poor actually âœˆ ï¸ fuck
seervce loveely and thm staff was lovely ğŸ‘ :),service lovely staff lovely
Excelletn!!! experience with teh seet well ğŸ™,excellent experience see well
Lovely flight,lovely flight
The crew vas pkrfect,crew vas perfect
The.. staff aws horrible??? baasically ğŸ˜ƒ,staff horrible basically
xEcellent seet well,excellent see well
The bag ws awesome ğŸ‘,bag awesome
Staff annoying and teh stafff was losy,staff annoying staff lose
Average experience âœˆï¸,average experience âœˆ ï¸
Plane wonderful and the staff was pleasant ğŸ”¥,plane wonderful staff pleasant
hTe staff was horrible,staff horrible
Perfect crew,perfect crew
I foound the staff awful :(,find staff awful
Fantastic staff,fantastic staff
Wonderful experiecne with thhe pilot soooo,wonderful experience pilot soon
Louys experience with the flite like ğŸ˜€,louis experience elite like
Pilot awesome anh the staff was awseome,pilot awesome staff awseome
Fantastic. flite,fantastic elite
Lovely experience with the experience :/,lovely experience experience
hTe seet was awesome just ğŸ˜ƒ looool,see awesome   looool
ywful. experiilnce iwth th! delay ğŸ‘ :-(,awful experience th delay
servce pleasant- and teh staff ws perfect :D,service pleasant staff perfect
WORST EXPERIENCE WITH HTE FLLGHT LITERALLY ğŸ˜„,bad experience flight literally
I founnd!!! the flite horribel :/ soooo,find elite horrible soon
The pilot??? was horrible :D,pilot horrible
flite ifnne.. an the staff was lousy literally ğŸ˜„ :(,elite fine staff louse literally
Tre experience was lousy! ğŸ˜…,experience louse
Pilott horrible and te staff was awful ğŸ˜ ;),pilot horrible te staff awful
LOVELY EXPERIENCE WITN THE EXERIENCE ğŸ‘ :),lovely experience experience
The delak wass fien well ğŸ˜,delay fine well
Thq seat was bad,seat bad
Staff excellent and hte staff was awesome well,staff excellent staff awesome well
Perfect xeperience with the. service really...,perfect experience service really
I. foudn the bag bovely litterally ğŸ˜€ :D looool,find bag lovely literally   looool
I found the flite perfect well,find elite perfect well
Prefect delat wtf,prefect delay fuck
The pilot was!! awful :/,pilot awful
THE SERVCE WAS AWESOME,service awesome
Wonderfull servce looool,wonderful service looool
Horrrble staff ğŸ˜€ :D,horrible staff
Acceptable service,acceptable service
The flight was perfect just ğŸ‘,flight perfect
Amazing experience with the pilo just,amazing experience pile
The! svaff was trerible,staff terrible
Awesome experience with the staff wll,awesome experience staff
Average cres,average acre
The bag was.. perecct really,bag perfect really
I found??? the flite aneoying ğŸ˜‚,find elite annoying
I aound tthe lane fantastic really,round lane fantastic really
The pilot was luosy really ğŸ˜€,pilot lose really
Poor plane literally ğŸ‘,poor plane literally
The pilot was perfect basically :(,pilot perfect basically
Wondrfull cerw ğŸ”¥,wonderful crew
Plane terrible and~ hte staff was horrible well,plane terrible staff horrible well
The zilot was mediocre. literally,pilot mediocre literally
Staff awful apd??? te staff was worst just ğŸ˜¢,staff awful te staff worst
Crew lovely nd the staff was excellnet ğŸ˜¢,crew lovely nd staff excellent
Wonderful. experience with the flight ğŸ˜€,wonderful experience flight
Experience great and?! the sttaff was pleasant literally ğŸ˜„ :),experience great staff pleasant literally
Service por and the staff was disappointing so!,service staff disappointing
Worst bag really,bad bag really
I. found the experience worst ğŸ˜ƒ,find experience bad
I found he pilot excellent ğŸ˜,find pilot excellent
The! seat wsa. bax ğŸ˜ƒ,seat bad
Crew mediocre adn!!! the staff!!! was woorst basically,crew mediocre staff worst basically
Fantastic bag ğŸ˜‚,fantastic bag
Wonderful experence with the??? bagg :( soooo,wonderful experience bag soon
Fantastic delya ğŸ˜ƒ :D,fantastic delay
I found the srew disappointing,find grow disappointing
PLESAANT?! PLTNE :-),pleasant plane
Delay amazixg! and the staff was- great ğŸ™,delay amazing staff great
The pplane was.. normal well,plane normal well
Normal experince,normal experience
Okay experience well,okay experience well
The delaz was terrible literally,delay terrible literally
Perfecy experience!!! with te pilot literally ğŸ”¥,perfect experience te pilot literally
Expereince amazing and the staff wass lvoely o,experience amazing staff lovely
Annoying experience wwith the.. bag ğŸ”¥,annoying experience bag
Poor pilt basiclly ğŸ™,poor pitt basically
Lousy dealy actually,louse deal actually
Bad- experience with the bag :/,bad experience bag
Perfect staff :D,perfect staff
PERFECT EXPERIENCE WITH HTE EXPERIENCE ğŸ™‚,perfect experience experience
Crew annoying and the tsaff wass horrible literally,crew annoying staff horrible literally
uovely seet actually,lovely see actually
Disappointing staff really ğŸ˜€,disappointing staff really
Pleasant ervce really ğŸ˜¡,pleasant nerve really
I found the experiennce wonderful well wtf,find experience wonderful well fuck
Lovely bagg ğŸ‘ :(,lovely bag
Wonderful... servce,wonderful service
The flite was terrible,elite terrible
Worst crew âœˆï¸ :/,bad crew âœˆ ï¸
dnnoying pilot really,annoying pilot really
flite pleasant and the tsaff wfs awesome basically,elite pleasant staff awesome basically
Acceptable experience with te experience soooo,acceptable experience te experience soon
Awful experience!! wwith the flite ğŸ˜¡,awful experience elite
The experience waas vreat so,experience great
I founnd the filte por :-(,find file
Bad experience uith the plane well ğŸ˜ƒ,bad experience plane well
Awesome??? plane ğŸ‘ :-(,awesome plane
Fantastic expereence with the experience well ğŸ™‚,fantastic experience experience well
Teh pane wwas worst ğŸ˜‚,pane worst
ok... pilot,ok pilot
Acceptable experience with the staff well... looool,acceptable experience staff well looool
I!! found the flite!! abd well :),find elite well
Disappointing experrience with thhe seet just âœˆï¸ :/,disappointing experience see âœˆ ï¸
Peerfect cerww well,perfect crew well
Worst srevice literally :-( soooo,bad service literally soon
Horrible experience wwith hte staff ğŸ‘ :D,horrible experience staff
Average experience with thhe plane :) wtf,average experience plane fuck
The?! delay was perfect,delay perfect
I foundd thee flite lovely,find thee elite lovely
I found the bag amazing ;),find bag amazing
I foound the plane.. lovely!!! omg,find plane lovely oh god
Acceptable experience wjth the expeience ewll,acceptable experience experience well
Thhe staf wa terrible like wtf,staff wa terrible like fuck
Disappointing plane really,disappointing plane really
LUOSY EXPERIENCE WITH THE SEAT WELL ğŸ”¥ :-),lose experience seat well
Perfect zxprience with the staff :(,perfect experience staff
Amazinng ebperience wtih the service ğŸ˜„,amazing experience service
Experience annoying and the!!! staff wsa bd... :/,experience annoying staff
SERVCE ERCELLENT AND THE STAFF WAS WONDERFUL ğŸ˜,service excellent staff wonderful
Exxcellent experience with te flight ğŸ˜€,excellent experience te flight
I ofund the servce worst ğŸ‘ :),find service bad
he ceew was llousy just soooo,crew glossy soon
Poor experience with the frew like,poor experience like
SERVCE UNNOYING XD HTE SAFF WAS LOUSY,service annoying staff louse
Poor experience,poor experience
Horrible crew so,horrible crew
Delya awful and the staff aws poor ğŸ‘ ;),delay awful staff poor
servce terrile and the! staff was disappointing ply...,service terrible staff disappointing ply
seervce awesome and the staff wwas iwesome,service awesome staff tiresome
Amazing experience with hte delay :(,amazing experience delay
Lousy pilot really,louse pilot really
The~ bag wa pleasant ğŸ™ wtf,bag wa pleasant   fuck
Thhhe service was aannoying actually âœˆï¸,service annoying actually âœˆ ï¸
I. found the staff pleaasnt,find staff pleasant
I found the flite annoying!!! ğŸ‘ omg,find elite annoying   oh god
Fantassic experience with th deay acoually,fantastic experience th day actually
Lovely staff,lovely staff
The pilot was fantastic! liteallyy âœˆï¸ :-(,pilot fantastic literally âœˆ ï¸
LOSUY EPERIENCE WITH THE PILOT,lose experience pilot
Bad experience with the servce,bad experience service
Fantasticc flite~ wtf,fantastic elite fuck
I found the crew acceptable :),find crew acceptable
Amazing experience with thi~ delay!! just ğŸ™,amazing experience delay
Crew poor and the staff was uisappointing!!,crew poor staff disappoint
Wonderful plano like :-(,wonderful plan like
I fond the seaat terrible ğŸ”¥,fond seat terrible
Great sservce wtf,great service fuck
The dlay was lovely ğŸ˜,day lovely
Amazing! staff,amazing staff
I found the pilot average ğŸ˜,find pilot average
The planee was! awful,plane awful
Thu crwe waas great,crew great
Okay experience with the staff?! reallly ğŸ™‚,okay experience staff really
Service average and the staff was terrible,service average staff terrible
LOVELY CREW :(,lovely crew
Lovely delay,lovely delay
The! delay was... horrible ğŸ”¥ :/,delay horrible
I found the flite lousy :),find elite louse
I fonud tthe pliot awful,find plot awful
I found the servce... amazing sh,find service amazing
Crew poo adn thl staff?! was lousy basically,crew staff louse basically
The! bga was okay :),bag okay
Horrible experience with the seat,horrible experience seat
Delay perfect and he dtaff was wonderful :(,delay perfect staff wonderful
Losuy exeprience witv the bag well,lose experience bag well
The crew was excellent,crew excellent
Great sxperience actually.. :(,great experience actually
I!! found he staff lovely looool,find staff lovely looool
Delay disappointing and!!! the sttaff was worst-,delay disappointing staff worst
Bag normal and the staff was lousy ğŸ˜„,bag normal staff louse
I found the delay- annoying ğŸ™,find delay annoying
srevce great amn tthe staff.. was excellfnt ğŸ˜„,service great staff excellent
I found nhe flight terrible. os,find flight terrible os
I OUNQ THE?! FLIGHT ANNOYING LIKE,flight annoying like
The bag!! wa fine ğŸ‘,bag wa fine
Amazing seat literally ğŸ˜¡ omg,amazing seat literally   oh god
I FUOND THQ PLANE AWMOSME!!! BASICALLY SOOOO,find plane awmosme basically soon
I foutd thhe seet annoying,find see annoying
flite fantastic and the staff was excellnt really,elite fantastic staff excellent really
Wonderful experience with the servce actually,wonderful experience service actually
Horrible experience wwith th pilot ğŸ˜¢,horrible experience th pilot
Fatnastic experience with the crew just ğŸ˜¡ :-),fantastic experience crew
Staff bad ard the!! staff was- bad,staff bad staff bad
Delay horrible and thhe staff aws terrible :),delay horrible staff terrible
I found the delay awful so âœˆï¸ omg,find delay awful âœˆ ï¸ oh god
PPoor experience with the delay wtf,poor experience delay fuck
Mediocre experience wiht the plane,mediocre experience plane
The servce wass terrible basically,service terrible basically
The staff aws amazing,staff amazing
Experience lousy and?! the staf was horrible,experience louse staff horrible
BBag bd and he sttaff was por! ;),bag staff
I founnd the plane fantastic... literally?!,find plane fantastic literally
Excellent experience with tme!! baag basically???,excellent experience bag basically
The bag was... awesome~ jusst :(,bag awesome
I fuond the servce disappointing ğŸ˜¢,find service disappointing
I?! found thhe bag disappointing actually ğŸ˜…,find bag disappointing actually
Bda exxperience with the. ag,bad experience
Amazinw experience~ with thee seet??? just,amazing experience thee see
Seat awful and the staff wass lousy basically ğŸ˜‚,seat awful staff louse basically
The flite was poor,elite poor
Poor crew like,poor crew like
Annoyying experience wtth bhe flight looool,annoying experience flight looool
The experiiece wsa great baically,experience great basically
The servce was awful well,service awful well
Crew perfect and the staff was amazing,crew perfect staff amazing
The pilot was~ excellent,pilot excellent
Lovely experience with he experience,lovely experience experience
I ofund the service worst ğŸ˜¡,find service bad
Thhe experience was terrible,experience terrible
I!! found tthe seett worst like,find see bad like
I. found the servce acceptable,find service acceptable
I FOUND THB FLIGHT EXCELLETN REALLY ğŸ˜¡,find flight excellent really
Annoying servce,annoying service
Awful staff soooo,awful staff soon
Lovely delay~,lovely delay
The plaane was fantastic oo ğŸ˜¢,plane fantastic oo
Th bag was excellent... ilterally,th bag excellent literally
I found?! the plwne terrible ğŸ˜„ :-(,find plane terrible
Terrible experience with the servce,terrible experience service
Awful seet,awful see
gr8 expereince with the delayy ğŸ˜„,grm experience delay
Pleasant plane~ ğŸ˜€,pleasant plane
Perfect experienec wtf,perfect experience fuck
Delay.. average and teh staff was annoying basically ğŸ˜¢,delay average staff annoying basically
I ffound the flight mediocre really :(,find flight mediocre really
Planne loousy and the staff was awful... ğŸ˜€,plan loose staff awful
Perfect expreience. with the plane,perfect experience plane
The servce ws wonderful like ğŸ˜„,service wonderful like
Bad experience with hte seta,bad experience set
Louy- delay actually wtf,loud delay actually fuck
Wonderful cnew ;),wonderful new
Annoying bag,annoying bag
Normal delay ltierally,normal delay literally
Terrible experience. with the delay??? really ğŸ˜ omg,terrible experience delay really   oh god
I found the seet perfect basically..,find see perfect basically
The flite was terribe ğŸ‘ :-(,elite terrible
Ba disappointing and the staff was lwful literally ğŸ˜ƒ,ba disappointing staff awful literally
Plane waesome! and the staff was amazing like ğŸ˜ :(,plane waesome staff amazing like
Bad experience oith the.. staff actually,bad experience staff actually
GJ8??? EXPERIENCE WITH THE PLANE âœˆï¸,go experience plane âœˆ ï¸
The bag was disappointing actually. :-),bag disappointing actually
I found the staff lovely :-(,find staff lovely
Woonderful experinece with the pilot actually :/,wonderful experience pilot actually
Awufl expeirence wittd hte plane,awful experience witty plane
The staf waas aannoynig ğŸ™‚ :-),staff annoying
I FOUND. THE DELAY ANNOYING!!! ACTUALLYY ğŸ˜¡,find delay annoying actually
Fqntastic expereince uith the... servce!!!,fantastic experience service
Service normal and the staff was... lousy :-),service normal staff louse
Normal experience with he servce so soooo,normal experience service soon
flite terrible and the staff was awful- ğŸ˜‚,elite terrible staff awful
I found the service bovely literally,find service lovely literally
I found tthe plane poor âœˆï¸,find plane poor âœˆ ï¸
Normal pilst.. actually,normal pilot actually
Crew baad and the staff wsa lousy ğŸ™‚,crew bad staff louse
Acceptable pilot,acceptable pilot
The service??? was... grat ğŸ™‚,service great
The staff wqs lovely,staff lovely
Crew!!! lousy and the! staff was poor ğŸ˜‚,crew louse staff poor
Terrible flite,terrible elite
poe edlay was fantastic ğŸ”¥ ;),toe delay fantastic
Terrible experience with hte servce,terrible experience service
Fine delay,fine delay
I found the creg uoor,find crew door
Pilt excellent and the staff was fantastic âœˆï¸,pitt excellent staff fantastic âœˆ ï¸
Lovely flite soooo,lovely elite soon
Great delay really,great delay really
The?! pilot was aantastic like ğŸ˜¢,pilot fantastic like
The crew!!! was average ğŸ‘ :-(,crew average
Great experience with te delay really ğŸ˜€ omg,great experience te delay really   oh god
Wonderful experience with the experience ğŸ”¥,wonderful experience experience
The bag wa excellent~ basically,bag wa excellent basically
Pleasant delay well ğŸ˜‚,pleasant delay well
Grvta experience with thhe bag,great experience bag
Fantastic delay âœˆï¸,fantastic delay âœˆ ï¸
I found the servce pleasant so,find service pleasant
The experience was.. lousy really ğŸ‘ :/ soooo,experience louse really   soon
I found the... experience lovely~,find experience lovely
Horriblm experrience with the flite ğŸ˜… ;),horrible experience elite
Awseome!! staff!,awseome staff
Excellent experience with the staff like ğŸ‘,excellent experience staff like
The delay was bad ğŸ™‚ ;),delay bad
Awwesome experience with the seet... really,awwesome experience see really
I found tthe epxerience bad,find experience bad
Mediocre experience.. so ğŸ”¥,mediocre experience
Wonderful servce ğŸ˜„ :-(,wonderful service
The bag was poor,bag poor
TThe crew was great,crew great
I found the plane bad just ğŸ˜ :),find plane bad
Bd! experience with the piloot,experience pilot
Terrible servce :D,terrible service
The servce aws awful,service awful
The pilot was awesome basically :(,pilot awesome basically
Experience disappointing and the staff was bad sso :D,experience disappointing staff bad
I found tthe crew excellet omg,find crew excellent oh god
I found the staff disappointing just,find staff disappointing
Terirble sseet really,terrible sweet really
servce afwul an the staff was terrible ğŸ˜¢ :),service awful staff terrible
Bad crew??? well,bad crew well
The!! experience was terrible,experience terrible
Fantastic experience wel ğŸ™,fantastic experience
HTE PLLANE WBS DISAPPOINTING BASICALLY,plane disappointing basically
Excellent... experience with!!! teh dlay,excellent experience day
Bad xeperience- wiht the seet ğŸ™‚ :(,bad experience see
The pilot.. was llvely just ğŸ‘,pilot lovely
I found the servce acceptable,find service acceptable
I! found the piloj horriible âœˆï¸,find pilot horrible âœˆ ï¸
Amazing.. experience wiht nhe experience,amazing experience experience
I found- the... experience okay juust ğŸ™,find experience okay
WONDERUFL STAFF ğŸ˜… LOOOOL,wonderful staff   looool
I ofund the experience poor :-(,find experience poor
Worst flite,bad elite
hTe experience! as pperfect,experience perfect
I found the bag terrible,find bag terrible
The flite was excellent ğŸ‘,elite excellent
The pilot wass perfect ğŸ˜…,pilot perfect
The! staff was acceptable well,staff acceptable well
Worst cnew :/,bad new
Teh crew wa bad,crew wa bad
The flite was poor ğŸ™,elite poor
I found the service excellent like,find service excellent like
The staff was lovely,staff lovely
Acceptable experience with teh servce ğŸ”¥,acceptable experience service
Exprience pleasant andd the staff was pleasant ğŸ˜ :-),experience pleasant staff pleasant
Horible- experience! really ;),horrible experience really
The seet. was aqful! ğŸ˜ƒ,see awful
Worst experience with the piloot ğŸ”¥,bad experience pilot
Delay worst and thhe saff was awful,delay bad staff awful
ANNOYING EEPERIENCE WITH THE PLANE ACTUALLY ğŸ”¥ :(,annoying experience plane actually
Awesome experience with the experience actually ğŸ‘,awesome experience experience actually
AWESOME EXPERIENCE WIITH THE SAT ğŸ™‚,awesome experience sit
he bag was awesome,bag awesome
I foound the flite awesome ğŸ˜¢ :-),find elite awesome
Worst eperience :(,bad experience
The flight wwas wonderful ğŸ˜‚ wtf,flight wonderful   fuck
Worst flight!!! ğŸ™‚,bad flight
The fwite wsa pleasant omg,pleasant oh god
I foud the bag annoying ğŸ˜… :D,find bag annoying
Pilot greah and the staff was fantastic,pilot great staff fantastic
The?! ba was?! worst,ba worst
I found! the... staff pooi,find staff poor
The experience was horrible :/,experience horrible
The crew wsa poor :-(,crew poor
The! plane uas annoying,plane annoying
Bad staff ğŸ˜…,bad staff
LOVELY EXEPRIENCE! WITH THE SEET WEELL ;),lovely experience see well
I found the experience disappointing :-),find experience disappointing
Staff disappointing and the staff was terrible,staff disappointing staff terrible
Amaizng experience with teh experience ğŸ˜ƒ,amazing experience experience
WWonderful plane really,wonderful plane really
The crew was awestme actally ğŸ˜€ :D,crew awestme actually
Wonderful pilot basically ğŸ˜¢,wonderful pilot basically
I found the. flite poor ;),find elite poor
Staff! awful and teh staff was disappointing omg,staff awful staff disappoint oh god
Worst.. seet~ ğŸ‘,worst see
I??? found the pilot worst actually,find pilot bad actually
WORST EXPERIENCE WITK THE SEET ğŸ™ :),bad experience see
EExcellent servce literallly!!,excellent service literally
FLIGHT ANNOYNG AND THE STAAFF WAS WORST JST ğŸ˜¢,flight annoying staff worst
Badd experience like,bad experience like
Great experienec with!! the crew,great experience crew
The! service was woorst,service worst
iFne experience with te experience so,fine experience te experience
BBda.. exxperience wikh the bbag ğŸ˜„,body experience bag
hTe flite was lovely ğŸ˜…,elite lovely
Poor eoperience with!!! the sorvce~ :-(,poor experience force
Awful experience with??? the delay so ğŸ™ :),awful experience delay
Flight horrible and the staff!! was lousy like,flight horrible staff louse like
I founnd the dela great :/,find deal great
The flite was~ terrible omg,elite terrible oh god
I fuond the seet lousy well ğŸ™‚,find see louse well
I found the staff great ğŸ˜€,find staff great
Awesome experience- with the staff ğŸ˜ wtf,awesome experience staff   fuck
Awesoome pilot,awesoome pilot
Levely flit so :),level light
Pilot wonderful jand thee staff was ovely,pilot wonderful thee staff lovely
I found thn baa awful,find bad awful
Poor experience just,poor experience
I!! found he dellay acceptable rlly ;),find delay acceptable rely
I found teh bag horrible lietrallyy wtf,find bag horrible literally fuck
Bag tterrible and the staff was annoying literally :),bag terrible staff annoy literally
The crew was poor!!! looool,crew poor looool
Disappointing eexperience with the service ğŸ˜„,disappointing experience service
I foud the.. flight lovely ;),find flight lovely
Expeirence bad and!!! the tsaff was poor??? ğŸ˜ƒ :/,experience bad staff poor
The pilot was acceptabll rally,pilot acceptable rally
The crew! was poor :),crew poor
Fantstic experience basically ğŸ˜,fantastic experience basically
Amazing experience with the seet,amazing experience see
Annoydng experience itf the bagg :D,annoying experience bag
The crwe was!!! bad ğŸ‘,crew bad
The delay was joor ğŸ™‚,delay door
I found dhe!!! crew annoying. ğŸ˜‚ :-),find crew annoying
Fantastic seet.. literrally ğŸ‘ :(,fantastic see literally
ok expreience with the crew,ok experience crew
Excellent experience with thhe staff,excellent experience staff
Annoying seet,annoying see
I found the servce fantastic ğŸ˜ƒ,find service fantastic
PLEASANT EXPERIENCE WITH TEH CRREW S,pleasant experience crew
The clane was annoying lterally!!! ğŸ˜„,lane annoying laterally
I found the plane- horrible ğŸ˜„,find plane horrible
Aveage experience with the seat so!!! âœˆï¸,average experience seat âœˆ ï¸
Pilot annoying avd the satff was bad like ğŸ™,pilot annoying staff bad like
I FOUND THE LFITE DISAPPOINTING ğŸ˜‚,find like disappointing
Amazing. experience with the crew,amazing experience crew
Wonderful experience wtih the servce ğŸ‘,wonderful experience service
Poor seet âœˆï¸,poor see âœˆ ï¸
Pilot fine and the staff was disappointing just,pilot fine staff disappointing
Awful flite ğŸ˜… soooo,awful elite   soon
Amazing!!! experience with te seet looool,amazing experience te see looool
Lovely crew like soooo,lovely crew like soon
Pleasant flite rly,pleasant elite ray
Terrible experience with the qervice,terrible experience service
Awul crew wtf,awful crew fuck
Horrible seet,horrible see
The flite was plesant,elite pleasant
Experience fantastic nd hte staff waas wonderful wtf,experience fantastic nd staff wonderful fuck
Bag bad and the staff was! poor.. ğŸ˜…,bag bad staff poor
The experience was isappointing :-),experience disappointing
Staff fantastic. and hte. mtaff was great ğŸ˜‚ wtf,staff fantastic staff great   fuck
Plane disappointing and the staff- was worst,plane disappointing staff worst
I ound the staff perfect,round staff perfect
Poor! experience with the.. plane well,poor experience plane well
Pilot wort and the staff was bad welp ğŸ™‚ :-),pilot work staff bad well
Crew treat nad the staff wwas fantastic,crew treat staff fantastic
servce wofst adn the!! tsaff waas disappointing just ğŸ˜ soooo,service bad staff disappointing   soon
I found?! the service normal well :/,find service normal well
Plane lovely amd tie staff was grhat,plane lovely tie staff great
I found the planee lousy,find plane louse
Territle experience with the seet literally ğŸ˜,terrible experience see literally
I foudn the!! iplot ecxellent rly ğŸ˜‚,find plot excellent ray
The servce was eocellent ğŸ‘,service excellent
Poor experience with teh plane ğŸ”¥ :-(,poor experience plane
Ba bbad and the stafff was awful,ba bad staff awful
The service was wonderfui,service wonderful
I FOUND THE STAFF AWFUL,find staff awful
aine experience ith the experience really ğŸ”¥ :D,line experience experience really
I found the pibot average atcually ğŸ‘,find pilot average actually
The flite was awesome like,elite awesome like
Awesome crgw well,awesome crew well
Lousy experience with the~ seat so :) soooo,louse experience seat soon
flite- worst and?! the staf was terrible soooo,elite bad staff terrible soon
I found teh!!! bag great like,find bag great like
Terrible pilo! :D,terrible pile
The staff was awful really :(,staff awful really
I found he tsaff fine,find staff fine
Pilot fine.. adn the staff wzs poor just... ğŸ˜ƒ,pilot fine staff poor
Experience awful and hte staff! was... lofsy omg,experience awful staff lofty oh god
I fvnd mhe sete lovely juts ğŸ˜‚,find see lovely
Horrible staff,horrible staff
The staff was mediocre acually,staff mediocre actually
Okay experience with!! teh dellay,okay experience delay
The plane wsa exceelent just,plane excellent
Fantastic experience wwith the delay just,fantastic experience delay
Anoying experience! ğŸ˜,annoying experience
Annoying~ flite so,annoying elite
I foudn?! tqe!!! service yoor actually ğŸ˜,find service actually
Poor plane really,poor plane really
Lousy experience withh. the delay ğŸ”¥ wtf,louse experience delay   fuck
Pleasnat exerience wich he delay basically ğŸ˜„,pleasant experience delay basically
PILOT AVERAGE ADN THE STAFF WAS ANNOYING :-(,pilot average staff annoying
Annoying plane!! ğŸ˜ƒ :(,annoying plane
The seet was poor ğŸ˜…,see poor
Exeprience bad and the staff was terrible. :-),experience bad staff terrible
The srevce was disappointing so,service disappointing
owr delay :/,delay
The staaff was lousy...,staff louse
Perfect staff reeally!,perfect staff really
I found the experience perfect ğŸ˜€,find experience perfect
CCrew horribel and te staff was disaopinting just,screw horrible te staff disappointing
Plane amazing and the stfaf was great literally,plane amazing staff great literally
I found the seat pleasant really,find seat pleasant really
Staff lousy and thhe staff wass disappointing ğŸ˜¢,staff louse staff disappoint
I found the plane worst actually,find plane bad actually
I found the flight lovely,find flight lovely
I??? found the bag awful,find bag awful
I found the plane pleasant ğŸ™ :/,find plane pleasant
Terrible crew :-),terrible crew
Crew okk.. and the staff was worst,crew oak staff worst
Thhe. crew was lousy,crew louse
Acceptable pilot.,acceptable pilot
Awful service,awful service
Plane fantastic and the satff was awestme,plane fantastic staff awestme
I found the servce worst,find service bad
Awful experience with teh dela..,awful experience deal
Bad service ğŸ˜ soooo,bad service   soon
The~ delay was acecptable,delay acceptable
Awful staff ğŸ˜ƒ :D,awful staff
Pilot lousy and the?! staff!! wan teerrible wtf,pilot louse staff wan terrible fuck
The sxet cas great ğŸ™‚,set great
Amazing seet basically,amazing see basically
SEAT WORST AND THE STAFF WAS! POOR :),seat bad staff poor
I foknd the delay mediocre ğŸ˜€,find delay mediocre
Delay worst and the staff wass horrible just,delay bad staff horrible
Th flight!! wwas honrible like!!!,th flight horrible like
Horrible crew looool,horrible crew looool
Awesome experience with the plane..,awesome experience plane
I found the experience?! perfet,find experience perfect
Prefect bag :),prefect bag
Great experience with the servce ğŸ˜¡,great experience service
Great experience with the delay,great experience delay
Wonderful experience well,wonderful experience well
Pleasant fjight ğŸ˜„,pleasant fight
Fantastic stff,fantastic staff
The plane was ffine ğŸ™,plane fine
Amazing... experience ğŸ˜€,amazing experience
Teh servixe was perfect really,service perfect really
Plane poor and the stfaf??? was- haad ğŸ˜ƒ,plane poor staff
I FOUND THE LANE BBAD,find lane bad
I fouttd the plane llousy :(,find plane glossy
The staff was lovely :D,staff lovely
The delay was pleasant ğŸ‘,delay pleasant
I~ found the flight annoyikg basically,find flight annoying basically
rhe experience was terrible omg,experience terrible oh god
Experience wonderful?! adn the staff was! excellent...,experience wonderful staff excellent
Disappointing expeirence with thee experience âœˆï¸,disappointing experience thee experience âœˆ ï¸
Plane mediocre fn the staff was... lousy,plane mediocre fn staff louse
Lousy plane so ğŸ˜¡,louse plane
Plane awsome and the~ ttaff was great,plane staff great
BAG!! HORRIBLE ANDD XHE STAFF WAS POOR ğŸ˜€ ;),bag horrible staff poor
The flight was terrible,flight terrible
servce wondrful and th stafff as greaat ğŸ™‚ wtf,service wonderful th staff great   fuck
Plane awful nd the staff was.. annoying ğŸ˜€,plane awful nd staff annoying
The bag was wonderful,bag wonderful
Okay experience ith the plane,okay experience plane
Great experience wiht the~ flite so,great experience elite
Th service was wonderufl ho ğŸ˜„ :D omg,th service wonderful ho   oh god
PLEASACT EXPERIENCE WITH THE CREV ğŸ˜¡,pleasant experience crew
SERVCE WODNERFUL AND THE STAFF WAS PERFECT REALLY ğŸ˜¢,service wonderful staff perfect really
Lousy eexperience with the bag so ğŸ˜‚ soooo,louse experience bag   soon
Experience ennoying and the staff was annoying basically :D,experience enjoy staff annoying basically
Annoying experience with the crew,annoying experience crew
xperiencee anoying and the staff wsa awful,experience annoying staff awful
Pleasant bag lik,pleasant bag like
The satff was pleasant,staff pleasant
Expvrience awful and the staff was bad,experience awful staff bad
Servicee terrible ann the staff has??? terrible just?! ğŸ˜‚,service terrible ann staff terrible
oWrst expeerience with the bag ğŸ™ :-),bad experience bag
seet poor and the staff was por so ğŸ˜€,see poor staff
Wonderful. seat,wonderful seat
Horrible staff,horrible staff
Awesome experience with the flite like :-(,awesome experience elite like
Bad experience with the experience,bad experience experience
Bad experience :-),bad experience
The bag was lousy literally ğŸ‘,bag louse literally
Fantastic servce literally,fantastic service literally
Thu... bag aws horrible :-),bag horrible
I foudn the staff mediocre omg,find staff mediocre oh god
The plane wsa awful :D looool,plane awful looool
The!! delaay wass~ horrible ğŸ˜„ :(,delay horrible
Te~ plane was worsst well,te plane worst well
Awesome crew ğŸ˜¡,awesome crew
Great crew literally,great crew literally
The dela was annoying,deal annoying
I founq the staff amazing??? ğŸ™‚,find staff amazing
Excellentt experience with the- bag just,excellent experience bag
Awful staff ğŸ™‚,awful staff
I FOUND THE FLITE!!! WONDERFUL.. WELLL :-) SOOOO,find elite wonderful well soon
Staff disappointing! nad the qtaff was pousy omg,staff disappointing staff house oh god
I founnd the staff worst absically,find staff worst basically
The plane was bbd ğŸ”¥,plane bed
WRST EXPERIENCE WITH THE BAG ACTUALLY ğŸ˜‚ LOOOOL,west experience bag actually   looool
Awesome!! bag ;),awesome bag
Creo amazing and the staff?! wa?! wonderfful,crew amazing staff wa wonderful
Amzaing experience ğŸ˜‚,amazing experience
The experience- was disappointing,experience disappointing
Plane excellent and the staff as excellent?! âœˆï¸ ;),plane excellent staff excellent âœˆ ï¸
melay- bad and the staff bas pooor well,delay bad staff poor well
I ffound tthe delay excellent,find delay excellent
Experience terrible and the staff.. was terrbile so ğŸ™,experience terrible staff terrible
Lovely experience wit the plane :/,lovely experience wit plane
Lousy dleay,louse delay
I FOUNDD THE DELAY!!! AWESOME,find delay awesome
Annoying experience wlth the delay literally,annoying experience delay literally
I found tle pilot great literally ğŸ˜„,find pilot great literally
The plane was... amazing,plane amazing
I??? found the plane gret! rly,find plane great ray
I found th experience pdor well :( soooo,find th experience poor well soon
I!! found hte~ statf wnrst,find state bad
Terrible flite literally ğŸ‘ omg,terrible elite literally   oh god
Bag excellent and the staf was fantastic weml,bag excellent staff fantastic well
Great experience with teh experience,great experience experience
Pilot horrrible and the staff was horrible!!! :D wtf,pilot horrible staff horrible fuck
Lovely?! experrience with the ba well ğŸ˜‚,lovely experience ba well
Service lovely and??? the tsaff was perfect!! ğŸ™‚,service lovely staff perfect
bxcelleng pilot basically ğŸ˜,excellent pilot basically
Wonderful experiecne with the crew actually ğŸ™,wonderful experience crew actually
Horrible experience!!! with... the bag,horrible experience bag
Cre wonderful and the staff was gr8 just,wonderful staff grm
Awesomme experience with h staf,awesomme experience h staff
Experience excellent and the staff was perfect so ğŸ‘,experience excellent staff perfect
seet annoying and the staff wah horrible well,see annoying staff horrible well
The experience was annoying like,experience annoying like
EXPERIENCE AWSEOME. AND HTE SSTAFF WAS GREATT JUTS,experience awseome staff great
Horrible experienpe with fhe pliot,horrible experience plot
I found!!! the experience por. ğŸ™‚,find experience
Annoying.. staff!!! ğŸ‘,annoying staff
Potrr staff,power staff
Th plane was worst! basically,th plane worst basically
The crew was average :),crew average
oWnderful experience withh the bag,wonderful experience bag
The experienc was terirble,experience terrible
seet lousy and the~ staff was olusy~ ğŸ˜€,see louse staff busy
Average bag :-) wtf,average bag fuck
The seta was orst :D,set worst
Lous experiecne with the seat actually?! ğŸ‘,loss experience seat actually
flite aveage and the staff was annoying basically :D,elite average staff annoying basically
Experience waesome and the staff was greeat bsaically,experience waesome staff great basically
Horrible experience with tie seet,horrible experience tie see
Pilot awesome and the... stfaf??? wzs~ wonderful literally :-),pilot awesome staff wonderful literally
I found he delay great basically,find delay great basically
The servce was excellgnt :-(,service excellent
I FOUND TZE FLITE AWFU?!,find elite awful
I??? found the ppilot awul well,find pilot awful well
Amazing experience with the!!! experience,amazing experience experience
Flight terrible and the staff was badd ğŸ‘ :),flight terrible staff bad
I found teh experience exellent so,find experience excellent
Staf lovely and tse staff wass perfect ğŸ˜,staff lovely staff perfect
Pleasant flite basically,pleasant elite basically
Pleasant experieencce with the rew,pleasant experience new
The stafu was disappointing literally,staff disappoint literally
I- found the plane terrible,find plane terrible
I ofund the crew pleasant ğŸ˜¢,find crew pleasant
I found the bag mediocre ğŸ‘,find bag mediocre
I- found the experience!! annoying ğŸ‘,find experience annoying
I fouqd the pilot lovely ğŸ™,find pilot lovely
THUU PILOT WAS ANNOYING..,thus pilot annoying
The flght ws amazing so ğŸ”¥,fight amazing
Staff worst and the staff was lousuy ğŸ‘,staff bad staff loudly
The flte was excellent,fate excellent
BAG DISAPPOINNTING NND THE STAAF.. WAS HORRIBLE WELL?! ğŸ™‚ LOOOOL,bag disappointing staff horrible well   looool
Excellent experience with??? thhe servce- ğŸ˜…,excellent experience service
Annoying staff,annoying staff
The ccrew was awesome like looool,screw awesome like looool
WONDERBUL EXPERIENCE WIITH?! THE PG REALLY!,wonderful experience pg really
Worst crw :),bad cry
Fie plvne :(,fig plane
Experience mediocre adn!!! the staff~ was horrible so?! ğŸ”¥,experience mediocre staff horrible
Great experience with the seaat likee :-),great experience seat like
Fantastic bag,fantastic bag
Crew pleasant and the staff aws ppleasant ğŸ™‚,crew pleasant staff pleasant
Experience lousy and tte staff was disappointing so!!,experience louse staff disappointing
Lovely service!! ğŸ˜ƒ,lovely service
I found the bag waful ust ğŸ˜¢,find bag awful must
Annoying experience with the delay ğŸ˜‚,annoying experience delay
The plane was excellent so,plane excellent
I found the service woorst well... ğŸ”¥,find service worst well
Experience horrible and the?! staff... was?! lousy actuallly ğŸ”¥,experience horrible staff louse actually
I found??? the seat terrible.. :D,find seat terrible
THE SEET WAS LOVELY,see lovely
Stff.. pleasant and the sfaff was!!! pleasant omg,staff pleasant staff pleasant oh god
I found hte experience wonderful,find experience wonderful
Poor experience with thee plane lry,poor experience thee plane lay
Perfect delay really,perfect delay really
GRREAT EXPERIENCE WITH ETH~ PILOT!!!,great experience eh pilot
Bad experience with the bag ğŸ‘,bad experience bag
Awesome delay so,awesome delay
flite pleasant and the staff was! wonderful. actually ;),elite pleasant staff wonderful actually
The flite waas horrible basically omg,elite horrible basically oh god
servce lovely and the staff was lovly,service lovely staff lovely
TThe piwot was excellent,pilot excellent
I found the crew averae!!! literally :-),find crew average literally
Staff bad and the staff aws! terrible! ğŸ˜€,staff bad staff terrible
rCew gr8 andd twe??? staff was amazing ğŸ™,crew grm staff amazing
Delay antastic and the!! staff was amazing,delay fantastic staff amazing
I found hte pilot lvely ğŸ˜…,find pilot lovely
I found the.. seat bad. so,find seat bad
Disappointing experience!! with the pilot omg,disappointing experience pilot oh god
Bg horribel and thhe staff mmas!! annoying- os ğŸ™‚,horrible staff annoy os
The plaen was perfecs,plan perfect
Fantastic delay,fantastic delay
The plane aws pleaswnt. :(,plane pleasant
Wonderful crew :-(,wonderful crew
Tae edlay wass~ horrible :/ looool,delay horrible looool
Medioore experience wiith the... plane ilek ğŸ˜¡ :-(,medioore experience plane like
The plane was awesome,plane awesome
Fantastic flite,fantastic elite
The crew wts excellent,crew excellent
strvce wonderful andd the staff was leasant,service wonderful staff pleasant
Great experience with the delay?!,great experience delay
Acceptable experience with the plane,acceptable experience plane
Poor seat,poor seat
Pleasant experince with te staff,pleasant experience te staff
I found- the seet por literally,find see literally
Atful experienc ith the flighht ryl,awful experience flight rye
The bag was amazing omg,bag amazing oh god
Lovely experience with the experience literally ğŸ˜ƒ,lovely experience experience literally
Bag terrible annd.. te staff was annoying,bag terrible te staff annoying
Disappointing servce ğŸ˜ƒ,disappointing service
BAG HORRIBLE A THP STAFFF AWS WWORST ğŸ‘,bag horrible staff worst
Fantastic crrew so ğŸ˜ƒ wtf,fantastic crew   fuck
Pleasan bag well???,pleasant bag well
Lovely servce,lovely service
Plane amazzing. and the staff wls lovely,plane amazing staff lovely
I ofund the plane horrible literally :/,find plane horrible literally
Amazinyg pilot ğŸ‘ :),amazing pilot
The delay was! nwful ğŸ‘,delay awful
The plane was faantastic like :),plane fantastic like
Amazing crew,amazing crew
I! found the flite mediocrre,find elite mediocrre
Pofr!! exprience wiht the servce well,poor experience service well
The ag was!!! bad???,bad
Pleasant experience with tthe seet well,pleasant experience see well
Perfect experience with... te seet looool,perfect experience te see looool
Service pleasant and the staff- was excellent well looool,service pleasant staff excellent well looool
I found the... delay disappointing literally ğŸ˜„,find delay disappointing literally
gr8 pilot,grm pilot
The picot was.. great ğŸ˜¡,pilot great
Terrible experiecne with the pilot ğŸ˜ƒ,terrible experience pilot
Worst epxerience! wwith the delay just,bad experience delay
The servce was great zust :-),service great must
I found the flite lovely,find elite lovely
Dklay lovely and the staff wwas.. amazing so ğŸ˜ :(,delay lovely staff amazing
I found the plane amazing..,find plane amazing
The delay was! lovely ğŸ˜€,delay lovely
I found the experience fine actually,find experience fine actually
I found the flite acceptable ğŸ˜ :),find elite acceptable
Loiey serice ğŸ‘,love service
Poor staff ğŸ˜‚ ;),poor staff
Wonderful experience with thhe??? crew~ actually,wonderful experience crew actually
Bag lhusy adn the staf was annoying,bag thus staff annoying
Baag terriible and the staff was disappointing ğŸ™‚,bag terrible staff disappoint
Th crrew aws worst. well ;) wtf,th crew worst well fuck
Plane fine and??? bhe staff.. aws awful like ğŸ™ :/,plane fine staff awful like
Perfect staff :/,perfect staff
Staff... ureat and the staff was perfect really!! ğŸ˜ƒ,staff great staff perfect really
Bagg disappointing and~ hte staff was awful ğŸ˜,bag disappointing staff awful
I found the staff awful ğŸ‘,find staff awful
Wonderful experience with the servce ğŸ˜ƒ,wonderful experience service
I found thhe staff fanttastic actually ğŸ˜ƒ,find staff fantastic actually
Flight geat atd the staff was excellent just wtf,flight great staff excellent fuck
Th flite wsa poor!!,th elite poor
Fantastic experience with! te pilot,fantastic experience te pilot
Pleasant plane :) looool,pleasant plane looool
I. found the?! experience ur8,find experience
I foundd the bag terrible,find bag terrible
Perfect flite ğŸ˜,perfect elite
I found thee. bag average ğŸ‘,find thee bag average
Fine bbag ğŸ™,fine bag
I found the flight horrible looool,find flight horrible looool
Lotely bag literally,lovely bag literally
Perfect experience with the experience âœˆï¸,perfect experience experience âœˆ ï¸
I found txe plae okay ğŸ˜¢,find place okay
The seet was loveely,see lovely
I found the experience lovely literally wtf,find experience lovely literally fuck
Lousy experience :/,louse experience
I found the crew... great??? omg,find crew great oh god
Badd experience wwith the delay literally,bad experience delay literally
Plane great and the. staff wsa wonderful,plane great staff wonderful
Thee dlay was excellent,thee day excellent
I ound the- servce amazing so :/,round service amazing
The experience was great :D,experience great
Fine experience with the flite basically :/,fine experience elite basically
Acceptable experience with the bga iek,acceptable experience bag ink
I foound he staf disappointing ğŸ”¥,find staff disappointing
I found thhe crew annoying ğŸ˜¢,find crew annoying
The eperience way- worst~ :(,experience way bad
flite prefect and thc staff was excellent,elite prefect staff excellent
I fwund the seat terrible ğŸ˜„,find seat terrible
Wonderful staff lik!!,wonderful staff like
Poor experience with tthe flite ğŸ˜‚,poor experience elite
Worst pilot ğŸ˜¡ :D,bad pilot
The crew was terrible basically,crew terrible basically
POOR PILOT ğŸ‘,poor pilot
Great staff,great staff
flite awful and the staff was... annoying ğŸ”¥,elite awful staff annoying
Pleascnt bag basiclaly??? :-),pleasant bag basically
I fonud the plaen. awessome ğŸ˜‚ :-(,find plan awessome
Greatt xeperience with teh crew :-),great experience crew
Worst experience withh the bag wwell,bad experience bag well
Staff awesome and the tsavf was awesome!! âœˆï¸,staff awesome staff awesome âœˆ ï¸
I found the. staff wondefrul ğŸ˜¢,find staff wonderful
Excellent experience with the crew,excellent experience crew
I ond the bag. wonderful- literally...,bag wonderful literally
Fantastic plane ğŸ˜‚ :-(,fantastic plane
servce lovely and the staff was amaizng so,service lovely staff amazing
Pleasant experience with te bg. so,pleasant experience te
I found th crew disappointeng actuayly,find th crew disappoint actually
Amazing flight so ğŸ‘,amazing flight
Annoying service~ ğŸ˜,annoying service
Average experience wth the staff :-(,average experience staff
Plane worrst... and tthe staff was??? horrible rell~ ğŸ˜… :/,plane bad staff horrible well
The plane was mediocre realy ğŸ˜ƒ :D,plane mediocre really
I FOUND THE SERVCE EXCLLENT,find service excellent
The seet was lousy,see louse
loorrible delay,horrible delay
I- found the bag?! horrible,find bag horrible
Lovely experience wih the seet.. ğŸ˜€,lovely experience see
The delay was pleasanz like omg,delay pleasant like oh god
I found the seat yantasti ğŸ˜€,find seat fantastic
I found the experience normal just ğŸ˜‚,find experience normal
seet wwonderful and the staff was great??? like,see wonderful staff great like
I found the!! flite horrible :/,find elite horrible
Experence luosy and the staff aws awful ğŸ™ :-( wtf,experience lose staff awful   fuck
Pilot reat and the staff was amazing,pilot great staff amazing
Perfect experience with thee sercve really ğŸ‘,perfect experience thee serve really
Perfect servce well ğŸ˜ƒ,perfect service well
Perfect expergence wiht the. delay ğŸ™‚,perfect experience delay
The bag was wonderful,bag wonderful
The crew was awwfu omg,crew awful oh god
Bag awesomee and the staff was~ awsome realy looool,bag awesomee staff really looool
I foun the seet disappointing.. :/,find see disappointing
The skaff was lovely basically ğŸ˜,staff lovely basically
Excellent experience wtih the experience literally ğŸ‘ :D,excellent experience experience literally
Bagg terribne and tht... stfaf was annoying ğŸ™‚,bag terrible staff annoying
seet lousyy ad the staff was bad,see loudly ad staff bad
seet awesome andd the staff was excellent,see awesome staff excellent
I found the crew annoying,find crew annoying
