Review,sentiment
Excellent experience with the servce just OMG ğŸ˜ƒ,positive
Horribl experience with the flight llike wtf was that,negative
Amazing experience with the. service ğŸ˜¢,positive
The seet... was awful :(,negative
Exprience average and! the staff was horrible??? really,neutral
The bbaag aws awful ğŸ˜€,negative
Wonderful experience?! with the experience o :),positive
Wondeerful servce actually ğŸ˜‚ omg,positive
I found the servce bad,negative
Pilot. fntastic!! and the??? staff was perfect ğŸ™,positive
I found the pwane annoying ğŸ™‚,negative
LOUSY FLITE???,negative
Staff awufll and the staff was lousy literally,negative
I ofund the bag excellet so wtf,positive
Loely crew basically,positive
Horrible delay,negative
Por epxerience with th plane?! ğŸ‘,negative
Th staff was terrible- well ğŸ”¥,negative
I found the seat averaage basically :),neutral
Average wrew just,neutral
The seet s!!! perfect ğŸ”¥,positive
Disappointing experience with??? hte experience ğŸ˜… :(,negative
Pomr scet,negative
Terrible bag,negative
The experience was horrible just :D wtf,negative
I found th pilot lovely-,positive
I ffound thee... crew amazing basically ğŸ˜,positive
Excellent servce actually,positive
Okay ccrew ğŸ˜„ :D,neutral
xEcellent eperience with the expdrience looool,positive
Average!! flite,neutral
I found teh bag??? pleasant literally âœˆï¸ soooo,positive
Th staff was terrile,negative
THE!! STAFF WAS WRRST LIKE...,negative
I??? found qhe pllot wonderful omg,positive
The pilot las bad wtf,negative
The experience was worst,negative
I founs the plane awesome âœˆï¸ :-(,positive
The servce was bd ğŸ˜… omg,negative
The??? plot aws annoying,negative
Experience pleasant and the staff was lovely,positive
Annoying experience with the seat like looool,negative
Pilot awesome and the!! staff was great ğŸ™‚,positive
The plane was pleasant :-(,positive
Plane excellent and the staff was pleasant ğŸ™‚,positive
Thi bag was great well ğŸ˜„ :-),positive
I found thee.. flite normal :-) omg,neutral
seet lovely.. nd te staff was pleasant liike,positive
Delay geat and hte staff wass!!! great atcunlly,positive
Wonderful experiennce witi the experience,positive
The seet was?! wonderful ğŸ”¥,positive
Worst plane?! well.,negative
Staff poor and the staff was bad just,negative
Disappointing experience wkth thee flite,negative
I found the flight awesome. :),positive
Disappinting delay ğŸ”¥,negative
Staff lousy and the?! staff wad worst really ğŸ™ wtf,negative
Fantastic experience with the serce,positive
Bad ezperience basically ğŸ™ ;),negative
Awful experience wit tthe delay actuually~,negative
Wonderful. crew.. ğŸ‘ looool,positive
The seet! wa great-,positive
The pilot was poor os looool,negative
elay amazing and hte staff waas!!! awesome,positive
I found. thee staff average just ğŸ”¥ :-(,neutral
I foudn the crew lousy so :-( soooo,negative
servce awful! annd!!! the. staff waq disappointing~,negative
Lousy plane ğŸ˜¢,negative
The ccrew waas wondderful,positive
HTE SERVCE WAAS~ BWFUL WELL ğŸ˜¢ OMG,negative
Fine flite ğŸ‘,neutral
Worst pilot looool,negative
The servce was excellent ğŸ˜ƒ,positive
The flightt!! was worst ğŸ˜‚,negative
I ofund thhe plannne horrible ğŸ™‚ soooo,negative
flite awesome aand the staff was pleasant-,positive
Lovely experience with txe seet ilterally,positive
Fbne bag,neutral
Disappointing experience... with the staff,negative
Horrible~ experience with the flite ğŸ˜¡,negative
Thhe servce aws gr8 so âœˆï¸ :-(,positive
Experience awesome!!! and the staff was... perfect well??? ğŸ˜¡ :-),positive
The??? plne was wonderful,positive
Disappointing pillot!!! soooo,negative
Lousy experience with thhe staff,negative
I ffound the bg ggrdat. like ğŸ™‚,positive
Pilot aamzinng and he staff was lovely :-),positive
Terrible.. experience- whth the pilot,negative
Poor pilot,negative
The vtaff was fantastrc atually..,positive
Awesoe plane ğŸ”¥ :),positive
I found the.. plane fantastic ğŸ˜¢,positive
The bag was lovly like ğŸ˜ƒ,positive
Horrrible flite looool,negative
I found hte- bhg!! amxzing,positive
Wonderful pilot literally ğŸ˜¡,positive
Awessome bag like :(,positive
Delay... dsiappointing anr oe staaaff was horrible just,negative
I found hte?! seet horrible so,negative
Excellent experience with the crew ğŸ˜ƒ,positive
Horrible experience with the service,negative
Losy exkerience with the servce like,negative
flite terrible. rnd the satff was terrinle,negative
I fouqd tne crew fine,neutral
The staff was terrible actually ğŸ˜„,negative
Experience aamazing and the staff was pleasant ğŸ˜¢,positive
Bad experience!!! with the crew basically,negative
Horrible delay,negative
The serve was fine so ğŸ˜€,neutral
Pilot amazing and the staff!! was?! awesome,positive
seet bad annd- thee. staff. was!!! poor actually ğŸ˜¢ soooo,negative
Awflu experience with tthe expereince erally,negative
I fuond the flite.. poor so ğŸ‘,negative
Pleasant seet!! ğŸ˜… ;),positive
Plane amazing and the staff was lovely literally :D,positive
Bag terrible and thhe staff was bad ğŸ˜„,negative
I found the?! crew lousy :D,negative
The ag wass wful :) soooo,negative
Annoying delay ğŸ‘,negative
Crgw worst and th staaff wns disappointing,negative
Amazing seeh :-),positive
The pllane wvs fantastic wtf,positive
Bag annoying and the staff was terrible ğŸ˜…,negative
I zound he bag perfect ğŸ˜„,positive
Great bag ğŸ”¥,positive
Horrible experience iwth the seat catuallh,negative
Normal experience wwith the seat well,neutral
I found he experience perfect ğŸ˜ soooo,positive
Awful delay ğŸ˜¢,negative
Amaizng experince with the!! delay really :( soooo,positive
seet bad!! and te staff wa poor o :-(,negative
The bag was lusy-,negative
THE EXPERIENCE WA LOUSY,negative
I found the flight horrbile :-(,negative
Staff excellent nad the staff waf awesome omg,positive
Amaznig experiince with. the crew :-),positive
Horribpe pilot!! actually,negative
Lousy crew actually ;),negative
Perfet- expereinec with the experience. ğŸ™,positive
I found the ppilot poor,negative
I found the crew wonderful ğŸ˜,positive
Experience. worst anz the saff was disappointing like ğŸ™,negative
Great experience wiithh th expereinnce,positive
The~ delay waas fanntastic :D,positive
Thq plane was fne,neutral
The expreience wsa lvoely,positive
Bad.. experience with the plane soo,negative
PPilot!!! terribe and the staff eas disappointing so???,negative
I found the bag annoying raelly ğŸ˜¡,negative
Bag poor fnd??? hte! staff was disappointing! bassically ğŸ‘,negative
Perfect! experience with thhe seat ğŸ˜¢ omg,positive
Peerfect experience. wtihh the plamme,positive
kay pilot,neutral
Bad experience like ğŸ‘,negative
Worst staff,negative
I found the seet annoying justt,negative
Annoying experience with the seet ğŸ˜¢,negative
Fantastic seet erally,positive
I found the delay perfect ğŸ˜¡ ;),positive
I found the crew.. perfect actually,positive
The seett was fantastic ğŸ™‚,positive
The?! delay zas wozderful,positive
Th servce was okay,neutral
Seat aweesome- and the staff was.. lovely :(,positive
Fantastic- delay well,positive
I found the seet acceptable ğŸ˜,neutral
flite aazing and the!! staf was fantastic ğŸ˜€,positive
seet awesome and thee staff was perfect actually ğŸ˜…,positive
I found the pilott excellent ğŸ˜€,positive
The flite was orst ğŸ˜‚,negative
Delay terirble and the staff was??? annooyying bnsically,negative
The seat was great,positive
seet mediocree and the staff was poor ğŸ˜¢ :-( omg,neutral
Lousy! crew,negative
Disappointing fite,negative
Te nilot wva fantastic ğŸ˜… ;),positive
Poor dleay :-( looool,negative
I found thi delay lovely like,positive
Awesome experience with the seet ğŸ˜¢ :-(,positive
Pilo disappointing and the staff.. wwas worst so,negative
Wonderful experience with the flite actualyl omg,positive
Lousy bag,negative
Lousy... experience well,negative
I fonud the experience disappoiinting soooo,negative
I!! found hte seet?! bad,negative
Awful experience with the pilot well,negative
Awfut experience. with the servce-,negative
rew.. plesant and the stbf was lovely,positive
Excellent evperience with the eet,positive
Delay horrible and th satff was poor actually âœˆï¸ :-( wtf,negative
seervce loveely and thm staff was lovely ğŸ‘ :),positive
Excelletn!!! experience with teh seet well ğŸ™,positive
Lovely flight,positive
The crew vas pkrfect,positive
The.. staff aws horrible??? baasically ğŸ˜ƒ,negative
xEcellent seet well,positive
The bag ws awesome ğŸ‘,positive
Staff annoying and teh stafff was losy,negative
Average experience âœˆï¸,neutral
Plane wonderful and the staff was pleasant ğŸ”¥,positive
hTe staff was horrible,negative
Perfect crew,positive
I foound the staff awful :(,negative
Fantastic staff,positive
Wonderful experiecne with thhe pilot soooo,positive
Louys experience with the flite like ğŸ˜€,negative
Pilot awesome anh the staff was awseome,positive
Fantastic. flite,positive
Lovely experience with the experience :/,positive
hTe seet was awesome just ğŸ˜ƒ looool,positive
ywful. experiilnce iwth th! delay ğŸ‘ :-(,negative
servce pleasant- and teh staff ws perfect :D,positive
WORST EXPERIENCE WITH HTE FLLGHT LITERALLY ğŸ˜„,negative
I founnd!!! the flite horribel :/ soooo,negative
The pilot??? was horrible :D,negative
flite ifnne.. an the staff was lousy literally ğŸ˜„ :(,neutral
Tre experience was lousy! ğŸ˜…,negative
Pilott horrible and te staff was awful ğŸ˜ ;),negative
LOVELY EXPERIENCE WITN THE EXERIENCE ğŸ‘ :),positive
The delak wass fien well ğŸ˜,neutral
Thq seat was bad,negative
Staff excellent and hte staff was awesome well,positive
Perfect xeperience with the. service really...,positive
I. foudn the bag bovely litterally ğŸ˜€ :D looool,positive
I found the flite perfect well,positive
Prefect delat wtf,positive
The pilot was!! awful :/,negative
THE SERVCE WAS AWESOME,positive
Wonderfull servce looool,positive
Horrrble staff ğŸ˜€ :D,negative
Acceptable service,neutral
The flight was perfect just ğŸ‘,positive
Amazing experience with the pilo just,positive
The! svaff was trerible,negative
Awesome experience with the staff wll,positive
Average cres,neutral
The bag was.. perecct really,positive
I found??? the flite aneoying ğŸ˜‚,negative
I aound tthe lane fantastic really,positive
The pilot was luosy really ğŸ˜€,negative
Poor plane literally ğŸ‘,negative
The pilot was perfect basically :(,positive
Wondrfull cerw ğŸ”¥,positive
Plane terrible and~ hte staff was horrible well,negative
The zilot was mediocre. literally,neutral
Staff awful apd??? te staff was worst just ğŸ˜¢,negative
Crew lovely nd the staff was excellnet ğŸ˜¢,positive
Wonderful. experience with the flight ğŸ˜€,positive
Experience great and?! the sttaff was pleasant literally ğŸ˜„ :),positive
Service por and the staff was disappointing so!,negative
Worst bag really,negative
I. found the experience worst ğŸ˜ƒ,negative
I found he pilot excellent ğŸ˜,positive
The! seat wsa. bax ğŸ˜ƒ,negative
Crew mediocre adn!!! the staff!!! was woorst basically,neutral
Fantastic bag ğŸ˜‚,positive
Wonderful experence with the??? bagg :( soooo,positive
Fantastic delya ğŸ˜ƒ :D,positive
I found the srew disappointing,negative
PLESAANT?! PLTNE :-),positive
Delay amazixg! and the staff was- great ğŸ™,positive
The pplane was.. normal well,neutral
Normal experince,neutral
Okay experience well,neutral
The delaz was terrible literally,negative
Perfecy experience!!! with te pilot literally ğŸ”¥,positive
Expereince amazing and the staff wass lvoely o,positive
Annoying experience wwith the.. bag ğŸ”¥,negative
Poor pilt basiclly ğŸ™,negative
Lousy dealy actually,negative
Bad- experience with the bag :/,negative
Perfect staff :D,positive
PERFECT EXPERIENCE WITH HTE EXPERIENCE ğŸ™‚,positive
Crew annoying and the tsaff wass horrible literally,negative
uovely seet actually,positive
Disappointing staff really ğŸ˜€,negative
Pleasant ervce really ğŸ˜¡,positive
I found the experiennce wonderful well wtf,positive
Lovely bagg ğŸ‘ :(,positive
Wonderful... servce,positive
The flite was terrible,negative
Worst crew âœˆï¸ :/,negative
dnnoying pilot really,negative
flite pleasant and the tsaff wfs awesome basically,positive
Acceptable experience with te experience soooo,neutral
Awful experience!! wwith the flite ğŸ˜¡,negative
The experience waas vreat so,positive
I founnd the filte por :-(,negative
Bad experience uith the plane well ğŸ˜ƒ,negative
Awesome??? plane ğŸ‘ :-(,positive
Fantastic expereence with the experience well ğŸ™‚,positive
Teh pane wwas worst ğŸ˜‚,negative
ok... pilot,neutral
Acceptable experience with the staff well... looool,neutral
I!! found the flite!! abd well :),negative
Disappointing experrience with thhe seet just âœˆï¸ :/,negative
Peerfect cerww well,positive
Worst srevice literally :-( soooo,negative
Horrible experience wwith hte staff ğŸ‘ :D,negative
Average experience with thhe plane :) wtf,neutral
The?! delay was perfect,positive
I foundd thee flite lovely,positive
I found the bag amazing ;),positive
I foound the plane.. lovely!!! omg,positive
Acceptable experience wjth the expeience ewll,neutral
Thhe staf wa terrible like wtf,negative
Disappointing plane really,negative
LUOSY EXPERIENCE WITH THE SEAT WELL ğŸ”¥ :-),negative
Perfect zxprience with the staff :(,positive
Amazinng ebperience wtih the service ğŸ˜„,positive
Experience annoying and the!!! staff wsa bd... :/,negative
SERVCE ERCELLENT AND THE STAFF WAS WONDERFUL ğŸ˜,positive
Exxcellent experience with te flight ğŸ˜€,positive
I ofund the servce worst ğŸ‘ :),negative
he ceew was llousy just soooo,negative
Poor experience with the frew like,negative
SERVCE UNNOYING XD HTE SAFF WAS LOUSY,negative
Poor experience,negative
Horrible crew so,negative
Delya awful and the staff aws poor ğŸ‘ ;),negative
servce terrile and the! staff was disappointing ply...,negative
seervce awesome and the staff wwas iwesome,positive
Amazing experience with hte delay :(,positive
Lousy pilot really,negative
The~ bag wa pleasant ğŸ™ wtf,positive
Thhhe service was aannoying actually âœˆï¸,negative
I. found the staff pleaasnt,positive
I found the flite annoying!!! ğŸ‘ omg,negative
Fantassic experience with th deay acoually,positive
Lovely staff,positive
The pilot was fantastic! liteallyy âœˆï¸ :-(,positive
LOSUY EPERIENCE WITH THE PILOT,negative
Bad experience with the servce,negative
Fantasticc flite~ wtf,positive
I found the crew acceptable :),neutral
Amazing experience with thi~ delay!! just ğŸ™,positive
Crew poor and the staff was uisappointing!!,negative
Wonderful plano like :-(,positive
I fond the seaat terrible ğŸ”¥,negative
Great sservce wtf,positive
The dlay was lovely ğŸ˜,positive
Amazing! staff,positive
I found the pilot average ğŸ˜,neutral
The planee was! awful,negative
Thu crwe waas great,positive
Okay experience with the staff?! reallly ğŸ™‚,neutral
Service average and the staff was terrible,neutral
LOVELY CREW :(,positive
Lovely delay,positive
The! delay was... horrible ğŸ”¥ :/,negative
I found the flite lousy :),negative
I fonud tthe pliot awful,negative
I found the servce... amazing sh,positive
Crew poo adn thl staff?! was lousy basically,negative
The! bga was okay :),neutral
Horrible experience with the seat,negative
Delay perfect and he dtaff was wonderful :(,positive
Losuy exeprience witv the bag well,negative
The crew was excellent,positive
Great sxperience actually.. :(,positive
I!! found he staff lovely looool,positive
Delay disappointing and!!! the sttaff was worst-,negative
Bag normal and the staff was lousy ğŸ˜„,neutral
I found the delay- annoying ğŸ™,negative
srevce great amn tthe staff.. was excellfnt ğŸ˜„,positive
I found nhe flight terrible. os,negative
I OUNQ THE?! FLIGHT ANNOYING LIKE,negative
The bag!! wa fine ğŸ‘,neutral
Amazing seat literally ğŸ˜¡ omg,positive
I FUOND THQ PLANE AWMOSME!!! BASICALLY SOOOO,positive
I foutd thhe seet annoying,negative
flite fantastic and the staff was excellnt really,positive
Wonderful experience with the servce actually,positive
Horrible experience wwith th pilot ğŸ˜¢,negative
Fatnastic experience with the crew just ğŸ˜¡ :-),positive
Staff bad ard the!! staff was- bad,negative
Delay horrible and thhe staff aws terrible :),negative
I found the delay awful so âœˆï¸ omg,negative
PPoor experience with the delay wtf,negative
Mediocre experience wiht the plane,neutral
The servce wass terrible basically,negative
The staff aws amazing,positive
Experience lousy and?! the staf was horrible,negative
BBag bd and he sttaff was por! ;),negative
I founnd the plane fantastic... literally?!,positive
Excellent experience with tme!! baag basically???,positive
The bag was... awesome~ jusst :(,positive
I fuond the servce disappointing ğŸ˜¢,negative
I?! found thhe bag disappointing actually ğŸ˜…,negative
Bda exxperience with the. ag,negative
Amazinw experience~ with thee seet??? just,positive
Seat awful and the staff wass lousy basically ğŸ˜‚,negative
The flite was poor,negative
Poor crew like,negative
Annoyying experience wtth bhe flight looool,negative
The experiiece wsa great baically,positive
The servce was awful well,negative
Crew perfect and the staff was amazing,positive
The pilot was~ excellent,positive
Lovely experience with he experience,positive
I ofund the service worst ğŸ˜¡,negative
Thhe experience was terrible,negative
I!! found tthe seett worst like,negative
I. found the servce acceptable,neutral
I FOUND THB FLIGHT EXCELLETN REALLY ğŸ˜¡,positive
Annoying servce,negative
Awful staff soooo,negative
Lovely delay~,positive
The plaane was fantastic oo ğŸ˜¢,positive
Th bag was excellent... ilterally,positive
I found?! the plwne terrible ğŸ˜„ :-(,negative
Terrible experience with the servce,negative
Awful seet,negative
gr8 expereince with the delayy ğŸ˜„,positive
Pleasant plane~ ğŸ˜€,positive
Perfect experienec wtf,positive
Delay.. average and teh staff was annoying basically ğŸ˜¢,neutral
I ffound the flight mediocre really :(,neutral
Planne loousy and the staff was awful... ğŸ˜€,negative
Perfect expreience. with the plane,positive
The servce ws wonderful like ğŸ˜„,positive
Bad experience with hte seta,negative
Louy- delay actually wtf,negative
Wonderful cnew ;),positive
Annoying bag,negative
Normal delay ltierally,neutral
Terrible experience. with the delay??? really ğŸ˜ omg,negative
I found the seet perfect basically..,positive
The flite was terribe ğŸ‘ :-(,negative
Ba disappointing and the staff was lwful literally ğŸ˜ƒ,negative
Plane waesome! and the staff was amazing like ğŸ˜ :(,positive
Bad experience oith the.. staff actually,negative
GJ8??? EXPERIENCE WITH THE PLANE âœˆï¸,positive
The bag was disappointing actually. :-),negative
I found the staff lovely :-(,positive
Woonderful experinece with the pilot actually :/,positive
Awufl expeirence wittd hte plane,negative
The staf waas aannoynig ğŸ™‚ :-),negative
I FOUND. THE DELAY ANNOYING!!! ACTUALLYY ğŸ˜¡,negative
Fqntastic expereince uith the... servce!!!,positive
Service normal and the staff was... lousy :-),neutral
Normal experience with he servce so soooo,neutral
flite terrible and the staff was awful- ğŸ˜‚,negative
I found the service bovely literally,positive
I found tthe plane poor âœˆï¸,negative
Normal pilst.. actually,neutral
Crew baad and the staff wsa lousy ğŸ™‚,negative
Acceptable pilot,neutral
The service??? was... grat ğŸ™‚,positive
The staff wqs lovely,positive
Crew!!! lousy and the! staff was poor ğŸ˜‚,negative
Terrible flite,negative
poe edlay was fantastic ğŸ”¥ ;),positive
Terrible experience with hte servce,negative
Fine delay,neutral
I found the creg uoor,negative
Pilt excellent and the staff was fantastic âœˆï¸,positive
Lovely flite soooo,positive
Great delay really,positive
The?! pilot was aantastic like ğŸ˜¢,positive
The crew!!! was average ğŸ‘ :-(,neutral
Great experience with te delay really ğŸ˜€ omg,positive
Wonderful experience with the experience ğŸ”¥,positive
The bag wa excellent~ basically,positive
Pleasant delay well ğŸ˜‚,positive
Grvta experience with thhe bag,positive
Fantastic delay âœˆï¸,positive
I found the servce pleasant so,positive
The experience was.. lousy really ğŸ‘ :/ soooo,negative
I found the... experience lovely~,positive
Horriblm experrience with the flite ğŸ˜… ;),negative
Awseome!! staff!,positive
Excellent experience with the staff like ğŸ‘,positive
The delay was bad ğŸ™‚ ;),negative
Awwesome experience with the seet... really,positive
I found tthe epxerience bad,negative
Mediocre experience.. so ğŸ”¥,neutral
Wonderful servce ğŸ˜„ :-(,positive
The bag was poor,negative
TThe crew was great,positive
I found the plane bad just ğŸ˜ :),negative
Bd! experience with the piloot,negative
Terrible servce :D,negative
The servce aws awful,negative
The pilot was awesome basically :(,positive
Experience disappointing and the staff was bad sso :D,negative
I found tthe crew excellet omg,positive
I found the staff disappointing just,negative
Terirble sseet really,negative
servce afwul an the staff was terrible ğŸ˜¢ :),negative
Bad crew??? well,negative
The!! experience was terrible,negative
Fantastic experience wel ğŸ™,positive
HTE PLLANE WBS DISAPPOINTING BASICALLY,negative
Excellent... experience with!!! teh dlay,positive
Bad xeperience- wiht the seet ğŸ™‚ :(,negative
The pilot.. was llvely just ğŸ‘,positive
I found the servce acceptable,neutral
I! found the piloj horriible âœˆï¸,negative
Amazing.. experience wiht nhe experience,positive
I found- the... experience okay juust ğŸ™,neutral
WONDERUFL STAFF ğŸ˜… LOOOOL,positive
I ofund the experience poor :-(,negative
Worst flite,negative
hTe experience! as pperfect,positive
I found the bag terrible,negative
The flite was excellent ğŸ‘,positive
The pilot wass perfect ğŸ˜…,positive
The! staff was acceptable well,neutral
Worst cnew :/,negative
Teh crew wa bad,negative
The flite was poor ğŸ™,negative
I found the service excellent like,positive
The staff was lovely,positive
Acceptable experience with teh servce ğŸ”¥,neutral
Exprience pleasant andd the staff was pleasant ğŸ˜ :-),positive
Horible- experience! really ;),negative
The seet. was aqful! ğŸ˜ƒ,negative
Worst experience with the piloot ğŸ”¥,negative
Delay worst and thhe saff was awful,negative
ANNOYING EEPERIENCE WITH THE PLANE ACTUALLY ğŸ”¥ :(,negative
Awesome experience with the experience actually ğŸ‘,positive
AWESOME EXPERIENCE WIITH THE SAT ğŸ™‚,positive
he bag was awesome,positive
I foound the flite awesome ğŸ˜¢ :-),positive
Worst eperience :(,negative
The flight wwas wonderful ğŸ˜‚ wtf,positive
Worst flight!!! ğŸ™‚,negative
The fwite wsa pleasant omg,positive
I foud the bag annoying ğŸ˜… :D,negative
Pilot greah and the staff was fantastic,positive
The?! ba was?! worst,negative
I found! the... staff pooi,negative
The experience was horrible :/,negative
The crew wsa poor :-(,negative
The! plane uas annoying,negative
Bad staff ğŸ˜…,negative
LOVELY EXEPRIENCE! WITH THE SEET WEELL ;),positive
I found the experience disappointing :-),negative
Staff disappointing and the staff was terrible,negative
Amaizng experience with teh experience ğŸ˜ƒ,positive
WWonderful plane really,positive
The crew was awestme actally ğŸ˜€ :D,positive
Wonderful pilot basically ğŸ˜¢,positive
I found the. flite poor ;),negative
Staff! awful and teh staff was disappointing omg,negative
Worst.. seet~ ğŸ‘,negative
I??? found the pilot worst actually,negative
WORST EXPERIENCE WITK THE SEET ğŸ™ :),negative
EExcellent servce literallly!!,positive
FLIGHT ANNOYNG AND THE STAAFF WAS WORST JST ğŸ˜¢,negative
Badd experience like,negative
Great experienec with!! the crew,positive
The! service was woorst,negative
iFne experience with te experience so,neutral
BBda.. exxperience wikh the bbag ğŸ˜„,negative
hTe flite was lovely ğŸ˜…,positive
Poor eoperience with!!! the sorvce~ :-(,negative
Awful experience with??? the delay so ğŸ™ :),negative
Flight horrible and the staff!! was lousy like,negative
I founnd the dela great :/,positive
The flite was~ terrible omg,negative
I fuond the seet lousy well ğŸ™‚,negative
I found the staff great ğŸ˜€,positive
Awesome experience- with the staff ğŸ˜ wtf,positive
Awesoome pilot,positive
Levely flit so :),positive
Pilot wonderful jand thee staff was ovely,positive
I found thn baa awful,negative
Poor experience just,negative
I!! found he dellay acceptable rlly ;),neutral
I found teh bag horrible lietrallyy wtf,negative
Bag tterrible and the staff was annoying literally :),negative
The crew was poor!!! looool,negative
Disappointing eexperience with the service ğŸ˜„,negative
I foud the.. flight lovely ;),positive
Expeirence bad and!!! the tsaff was poor??? ğŸ˜ƒ :/,negative
The pilot was acceptabll rally,neutral
The crew! was poor :),negative
Fantstic experience basically ğŸ˜,positive
Amazing experience with the seet,positive
Annoydng experience itf the bagg :D,negative
The crwe was!!! bad ğŸ‘,negative
The delay was joor ğŸ™‚,negative
I found dhe!!! crew annoying. ğŸ˜‚ :-),negative
Fantastic seet.. literrally ğŸ‘ :(,positive
ok expreience with the crew,neutral
Excellent experience with thhe staff,positive
Annoying seet,negative
I found the servce fantastic ğŸ˜ƒ,positive
PLEASANT EXPERIENCE WITH TEH CRREW S,positive
The clane was annoying lterally!!! ğŸ˜„,negative
I found the plane- horrible ğŸ˜„,negative
Aveage experience with the seat so!!! âœˆï¸,neutral
Pilot annoying avd the satff was bad like ğŸ™,negative
I FOUND THE LFITE DISAPPOINTING ğŸ˜‚,negative
Amazing. experience with the crew,positive
Wonderful experience wtih the servce ğŸ‘,positive
Poor seet âœˆï¸,negative
Pilot fine and the staff was disappointing just,neutral
Awful flite ğŸ˜… soooo,negative
Amazing!!! experience with te seet looool,positive
Lovely crew like soooo,positive
Pleasant flite rly,positive
Terrible experience with the qervice,negative
Awul crew wtf,negative
Horrible seet,negative
The flite was plesant,positive
Experience fantastic nd hte staff waas wonderful wtf,positive
Bag bad and the staff was! poor.. ğŸ˜…,negative
The experience was isappointing :-),negative
Staff fantastic. and hte. mtaff was great ğŸ˜‚ wtf,positive
Plane disappointing and the staff- was worst,negative
I ound the staff perfect,positive
Poor! experience with the.. plane well,negative
Pilot wort and the staff was bad welp ğŸ™‚ :-),negative
Crew treat nad the staff wwas fantastic,positive
servce wofst adn the!! tsaff waas disappointing just ğŸ˜ soooo,negative
I found?! the service normal well :/,neutral
Plane lovely amd tie staff was grhat,positive
I found the planee lousy,negative
Territle experience with the seet literally ğŸ˜,negative
I foudn the!! iplot ecxellent rly ğŸ˜‚,positive
The servce was eocellent ğŸ‘,positive
Poor experience with teh plane ğŸ”¥ :-(,negative
Ba bbad and the stafff was awful,negative
The service was wonderfui,positive
I FOUND THE STAFF AWFUL,negative
aine experience ith the experience really ğŸ”¥ :D,neutral
I found the pibot average atcually ğŸ‘,neutral
The flite was awesome like,positive
Awesome crgw well,positive
Lousy experience with the~ seat so :) soooo,negative
flite- worst and?! the staf was terrible soooo,negative
I found teh!!! bag great like,positive
Terrible pilo! :D,negative
The staff was awful really :(,negative
I found he tsaff fine,neutral
Pilot fine.. adn the staff wzs poor just... ğŸ˜ƒ,neutral
Experience awful and hte staff! was... lofsy omg,negative
I fvnd mhe sete lovely juts ğŸ˜‚,positive
Horrible staff,negative
The staff was mediocre acually,neutral
Okay experience with!! teh dellay,neutral
The plane wsa exceelent just,positive
Fantastic experience wwith the delay just,positive
Anoying experience! ğŸ˜,negative
Annoying~ flite so,negative
I foudn?! tqe!!! service yoor actually ğŸ˜,negative
Poor plane really,negative
Lousy experience withh. the delay ğŸ”¥ wtf,negative
Pleasnat exerience wich he delay basically ğŸ˜„,positive
PILOT AVERAGE ADN THE STAFF WAS ANNOYING :-(,neutral
Annoying plane!! ğŸ˜ƒ :(,negative
The seet was poor ğŸ˜…,negative
Exeprience bad and the staff was terrible. :-),negative
The srevce was disappointing so,negative
owr delay :/,negative
The staaff was lousy...,negative
Perfect staff reeally!,positive
I found the experience perfect ğŸ˜€,positive
CCrew horribel and te staff was disaopinting just,negative
Plane amazing and the stfaf was great literally,positive
I found the seat pleasant really,positive
Staff lousy and thhe staff wass disappointing ğŸ˜¢,negative
I found the plane worst actually,negative
I found the flight lovely,positive
I??? found the bag awful,negative
I found the plane pleasant ğŸ™ :/,positive
Terrible crew :-),negative
Crew okk.. and the staff was worst,neutral
Thhe. crew was lousy,negative
Acceptable pilot.,neutral
Awful service,negative
Plane fantastic and the satff was awestme,positive
I found the servce worst,negative
Awful experience with teh dela..,negative
Bad service ğŸ˜ soooo,negative
The~ delay was acecptable,neutral
Awful staff ğŸ˜ƒ :D,negative
Pilot lousy and the?! staff!! wan teerrible wtf,negative
The sxet cas great ğŸ™‚,positive
Amazing seet basically,positive
SEAT WORST AND THE STAFF WAS! POOR :),negative
I foknd the delay mediocre ğŸ˜€,neutral
Delay worst and the staff wass horrible just,negative
Th flight!! wwas honrible like!!!,negative
Horrible crew looool,negative
Awesome experience with the plane..,positive
I found the experience?! perfet,positive
Prefect bag :),positive
Great experience with the servce ğŸ˜¡,positive
Great experience with the delay,positive
Wonderful experience well,positive
Pleasant fjight ğŸ˜„,positive
Fantastic stff,positive
The plane was ffine ğŸ™,neutral
Amazing... experience ğŸ˜€,positive
Teh servixe was perfect really,positive
Plane poor and the stfaf??? was- haad ğŸ˜ƒ,negative
I FOUND THE LANE BBAD,negative
I fouttd the plane llousy :(,negative
The staff was lovely :D,positive
The delay was pleasant ğŸ‘,positive
I~ found the flight annoyikg basically,negative
rhe experience was terrible omg,negative
Experience wonderful?! adn the staff was! excellent...,positive
Disappointing expeirence with thee experience âœˆï¸,negative
Plane mediocre fn the staff was... lousy,neutral
Lousy plane so ğŸ˜¡,negative
Plane awsome and the~ ttaff was great,positive
BAG!! HORRIBLE ANDD XHE STAFF WAS POOR ğŸ˜€ ;),negative
The flight was terrible,negative
servce wondrful and th stafff as greaat ğŸ™‚ wtf,positive
Plane awful nd the staff was.. annoying ğŸ˜€,negative
The bag was wonderful,positive
Okay experience ith the plane,neutral
Great experience wiht the~ flite so,positive
Th service was wonderufl ho ğŸ˜„ :D omg,positive
PLEASACT EXPERIENCE WITH THE CREV ğŸ˜¡,positive
SERVCE WODNERFUL AND THE STAFF WAS PERFECT REALLY ğŸ˜¢,positive
Lousy eexperience with the bag so ğŸ˜‚ soooo,negative
Experience ennoying and the staff was annoying basically :D,negative
Annoying experience with the crew,negative
xperiencee anoying and the staff wsa awful,negative
Pleasant bag lik,positive
The satff was pleasant,positive
Expvrience awful and the staff was bad,negative
Servicee terrible ann the staff has??? terrible just?! ğŸ˜‚,negative
oWrst expeerience with the bag ğŸ™ :-),negative
seet poor and the staff was por so ğŸ˜€,negative
Wonderful. seat,positive
Horrible staff,negative
Awesome experience with the flite like :-(,positive
Bad experience with the experience,negative
Bad experience :-),negative
The bag was lousy literally ğŸ‘,negative
Fantastic servce literally,positive
Thu... bag aws horrible :-),negative
I foudn the staff mediocre omg,neutral
The plane wsa awful :D looool,negative
The!! delaay wass~ horrible ğŸ˜„ :(,negative
Te~ plane was worsst well,negative
Awesome crew ğŸ˜¡,positive
Great crew literally,positive
The dela was annoying,negative
I founq the staff amazing??? ğŸ™‚,positive
Excellentt experience with the- bag just,positive
Awful staff ğŸ™‚,negative
I FOUND THE FLITE!!! WONDERFUL.. WELLL :-) SOOOO,positive
Staff disappointing! nad the qtaff was pousy omg,negative
I founnd the staff worst absically,negative
The plane was bbd ğŸ”¥,negative
WRST EXPERIENCE WITH THE BAG ACTUALLY ğŸ˜‚ LOOOOL,negative
Awesome!! bag ;),positive
Creo amazing and the staff?! wa?! wonderfful,positive
Amzaing experience ğŸ˜‚,positive
The experience- was disappointing,negative
Plane excellent and the staff as excellent?! âœˆï¸ ;),positive
melay- bad and the staff bas pooor well,negative
I ffound tthe delay excellent,positive
Experience terrible and the staff.. was terrbile so ğŸ™,negative
Lovely experience wit the plane :/,positive
Lousy dleay,negative
I FOUNDD THE DELAY!!! AWESOME,positive
Annoying experience wlth the delay literally,negative
I found tle pilot great literally ğŸ˜„,positive
The plane was... amazing,positive
I??? found the plane gret! rly,positive
I found th experience pdor well :( soooo,negative
I!! found hte~ statf wnrst,negative
Terrible flite literally ğŸ‘ omg,negative
Bag excellent and the staf was fantastic weml,positive
Great experience with teh experience,positive
Pilot horrrible and the staff was horrible!!! :D wtf,negative
Lovely?! experrience with the ba well ğŸ˜‚,positive
Service lovely and??? the tsaff was perfect!! ğŸ™‚,positive
bxcelleng pilot basically ğŸ˜,positive
Wonderful experiecne with the crew actually ğŸ™,positive
Horrible experience!!! with... the bag,negative
Cre wonderful and the staff was gr8 just,positive
Awesomme experience with h staf,positive
Experience excellent and the staff was perfect so ğŸ‘,positive
seet annoying and the staff wah horrible well,negative
The experience was annoying like,negative
EXPERIENCE AWSEOME. AND HTE SSTAFF WAS GREATT JUTS,positive
Horrible experienpe with fhe pliot,negative
I found!!! the experience por. ğŸ™‚,negative
Annoying.. staff!!! ğŸ‘,negative
Potrr staff,negative
Th plane was worst! basically,negative
The crew was average :),neutral
oWnderful experience withh the bag,positive
The experienc was terirble,negative
seet lousy and the~ staff was olusy~ ğŸ˜€,negative
Average bag :-) wtf,neutral
The seta was orst :D,negative
Lous experiecne with the seat actually?! ğŸ‘,negative
flite aveage and the staff was annoying basically :D,neutral
Experience waesome and the staff was greeat bsaically,positive
Horrible experience with tie seet,negative
Pilot awesome and the... stfaf??? wzs~ wonderful literally :-),positive
I found he delay great basically,positive
The servce was excellgnt :-(,positive
I FOUND TZE FLITE AWFU?!,negative
I??? found the ppilot awul well,negative
Amazing experience with the!!! experience,positive
Flight terrible and the staff was badd ğŸ‘ :),negative
I found teh experience exellent so,positive
Staf lovely and tse staff wass perfect ğŸ˜,positive
Pleasant flite basically,positive
Pleasant experieencce with the rew,positive
The stafu was disappointing literally,negative
I- found the plane terrible,negative
I ofund the crew pleasant ğŸ˜¢,positive
I found the bag mediocre ğŸ‘,neutral
I- found the experience!! annoying ğŸ‘,negative
I fouqd the pilot lovely ğŸ™,positive
THUU PILOT WAS ANNOYING..,negative
The flght ws amazing so ğŸ”¥,positive
Staff worst and the staff was lousuy ğŸ‘,negative
The flte was excellent,positive
BAG DISAPPOINNTING NND THE STAAF.. WAS HORRIBLE WELL?! ğŸ™‚ LOOOOL,negative
Excellent experience with??? thhe servce- ğŸ˜…,positive
Annoying staff,negative
The ccrew was awesome like looool,positive
WONDERBUL EXPERIENCE WIITH?! THE PG REALLY!,positive
Worst crw :),negative
Fie plvne :(,neutral
Experience mediocre adn!!! the staff~ was horrible so?! ğŸ”¥,neutral
Great experience with the seaat likee :-),positive
Fantastic bag,positive
Crew pleasant and the staff aws ppleasant ğŸ™‚,positive
Experience lousy and tte staff was disappointing so!!,negative
Lovely service!! ğŸ˜ƒ,positive
I found the bag waful ust ğŸ˜¢,negative
Annoying experience with the delay ğŸ˜‚,negative
The plane was excellent so,positive
I found the service woorst well... ğŸ”¥,negative
Experience horrible and the?! staff... was?! lousy actuallly ğŸ”¥,negative
I found??? the seat terrible.. :D,negative
THE SEET WAS LOVELY,positive
Stff.. pleasant and the sfaff was!!! pleasant omg,positive
I found hte experience wonderful,positive
Poor experience with thee plane lry,negative
Perfect delay really,positive
GRREAT EXPERIENCE WITH ETH~ PILOT!!!,positive
Bad experience with the bag ğŸ‘,negative
Awesome delay so,positive
flite pleasant and the staff was! wonderful. actually ;),positive
The flite waas horrible basically omg,negative
servce lovely and the staff was lovly,positive
TThe piwot was excellent,positive
I found the crew averae!!! literally :-),neutral
Staff bad and the staff aws! terrible! ğŸ˜€,negative
rCew gr8 andd twe??? staff was amazing ğŸ™,positive
Delay antastic and the!! staff was amazing,positive
I found hte pilot lvely ğŸ˜…,positive
I found the.. seat bad. so,negative
Disappointing experience!! with the pilot omg,negative
Bg horribel and thhe staff mmas!! annoying- os ğŸ™‚,negative
The plaen was perfecs,positive
Fantastic delay,positive
The plane aws pleaswnt. :(,positive
Wonderful crew :-(,positive
Tae edlay wass~ horrible :/ looool,negative
Medioore experience wiith the... plane ilek ğŸ˜¡ :-(,neutral
The plane was awesome,positive
Fantastic flite,positive
The crew wts excellent,positive
strvce wonderful andd the staff was leasant,positive
Great experience with the delay?!,positive
Acceptable experience with the plane,neutral
Poor seat,negative
Pleasant experince with te staff,positive
I found- the seet por literally,negative
Atful experienc ith the flighht ryl,negative
The bag was amazing omg,positive
Lovely experience with the experience literally ğŸ˜ƒ,positive
Bag terrible annd.. te staff was annoying,negative
Disappointing servce ğŸ˜ƒ,negative
BAG HORRIBLE A THP STAFFF AWS WWORST ğŸ‘,negative
Fantastic crrew so ğŸ˜ƒ wtf,positive
Pleasan bag well???,positive
Lovely servce,positive
Plane amazzing. and the staff wls lovely,positive
I ofund the plane horrible literally :/,negative
Amazinyg pilot ğŸ‘ :),positive
The delay was! nwful ğŸ‘,negative
The plane was faantastic like :),positive
Amazing crew,positive
I! found the flite mediocrre,neutral
Pofr!! exprience wiht the servce well,negative
The ag was!!! bad???,negative
Pleasant experience with tthe seet well,positive
Perfect experience with... te seet looool,positive
Service pleasant and the staff- was excellent well looool,positive
I found the... delay disappointing literally ğŸ˜„,negative
gr8 pilot,positive
The picot was.. great ğŸ˜¡,positive
Terrible experiecne with the pilot ğŸ˜ƒ,negative
Worst epxerience! wwith the delay just,negative
The servce was great zust :-),positive
I found the flite lovely,positive
Dklay lovely and the staff wwas.. amazing so ğŸ˜ :(,positive
I found the plane amazing..,positive
The delay was! lovely ğŸ˜€,positive
I found the experience fine actually,neutral
I found the flite acceptable ğŸ˜ :),neutral
Loiey serice ğŸ‘,positive
Poor staff ğŸ˜‚ ;),negative
Wonderful experience with thhe??? crew~ actually,positive
Bag lhusy adn the staf was annoying,negative
Baag terriible and the staff was disappointing ğŸ™‚,negative
Th crrew aws worst. well ;) wtf,negative
Plane fine and??? bhe staff.. aws awful like ğŸ™ :/,neutral
Perfect staff :/,positive
Staff... ureat and the staff was perfect really!! ğŸ˜ƒ,positive
Bagg disappointing and~ hte staff was awful ğŸ˜,negative
I found the staff awful ğŸ‘,negative
Wonderful experience with the servce ğŸ˜ƒ,positive
I found thhe staff fanttastic actually ğŸ˜ƒ,positive
Flight geat atd the staff was excellent just wtf,positive
Th flite wsa poor!!,negative
Fantastic experience with! te pilot,positive
Pleasant plane :) looool,positive
I. found the?! experience ur8,positive
I foundd the bag terrible,negative
Perfect flite ğŸ˜,positive
I found thee. bag average ğŸ‘,neutral
Fine bbag ğŸ™,neutral
I found the flight horrible looool,negative
Lotely bag literally,positive
Perfect experience with the experience âœˆï¸,positive
I found txe plae okay ğŸ˜¢,neutral
The seet was loveely,positive
I found the experience lovely literally wtf,positive
Lousy experience :/,negative
I found the crew... great??? omg,positive
Badd experience wwith the delay literally,negative
Plane great and the. staff wsa wonderful,positive
Thee dlay was excellent,positive
I ound the- servce amazing so :/,positive
The experience was great :D,positive
Fine experience with the flite basically :/,neutral
Acceptable experience with the bga iek,neutral
I foound he staf disappointing ğŸ”¥,negative
I found thhe crew annoying ğŸ˜¢,negative
The eperience way- worst~ :(,negative
flite prefect and thc staff was excellent,positive
I fwund the seat terrible ğŸ˜„,negative
Wonderful staff lik!!,positive
Poor experience with tthe flite ğŸ˜‚,negative
Worst pilot ğŸ˜¡ :D,negative
The crew was terrible basically,negative
POOR PILOT ğŸ‘,negative
Great staff,positive
flite awful and the staff was... annoying ğŸ”¥,negative
Pleascnt bag basiclaly??? :-),positive
I fonud the plaen. awessome ğŸ˜‚ :-(,positive
Greatt xeperience with teh crew :-),positive
Worst experience withh the bag wwell,negative
Staff awesome and the tsavf was awesome!! âœˆï¸,positive
I found the. staff wondefrul ğŸ˜¢,positive
Excellent experience with the crew,positive
I ond the bag. wonderful- literally...,positive
Fantastic plane ğŸ˜‚ :-(,positive
servce lovely and the staff was amaizng so,positive
Pleasant experience with te bg. so,positive
I found th crew disappointeng actuayly,negative
Amazing flight so ğŸ‘,positive
Annoying service~ ğŸ˜,negative
Average experience wth the staff :-(,neutral
Plane worrst... and tthe staff was??? horrible rell~ ğŸ˜… :/,negative
The plane was mediocre realy ğŸ˜ƒ :D,neutral
I FOUND THE SERVCE EXCLLENT,positive
The seet was lousy,negative
loorrible delay,negative
I- found the bag?! horrible,negative
Lovely experience wih the seet.. ğŸ˜€,positive
The delay was pleasanz like omg,positive
I found the seat yantasti ğŸ˜€,positive
I found the experience normal just ğŸ˜‚,neutral
seet wwonderful and the staff was great??? like,positive
I found the!! flite horrible :/,negative
Experence luosy and the staff aws awful ğŸ™ :-( wtf,negative
Pilot reat and the staff was amazing,positive
Perfect experience with thee sercve really ğŸ‘,positive
Perfect servce well ğŸ˜ƒ,positive
Perfect expergence wiht the. delay ğŸ™‚,positive
The bag was wonderful,positive
The crew was awwfu omg,negative
Bag awesomee and the staff was~ awsome realy looool,positive
I foun the seet disappointing.. :/,negative
The skaff was lovely basically ğŸ˜,positive
Excellent experience wtih the experience literally ğŸ‘ :D,positive
Bagg terribne and tht... stfaf was annoying ğŸ™‚,negative
seet lousyy ad the staff was bad,negative
seet awesome andd the staff was excellent,positive
I found the crew annoying,negative
